ID,Name,Age,Gender,Department,Salary,Joining Date,Performance Score,Experience,Status,Location,Bonus,Normalized Salary,Experience Level,Age Group,Salary Rank,Year Joined,Monthly Salary,Employee ID,Projects,Team Lead,Salary Increase %,,,,,,
938,GARY MITCHELL,52,FEMALE,SALES,9963,9-22-2016,5,20,RETIRED,LOS ANGELES,996.3,0.996239659,SENIOR,MIDDLE-AGED,1,2016,830.25,938,Project D,unknown,67.70435894,,,,,,
909,SARA MARTINEZ,34,OTHER,HR,9951,2-18-2024,2.9,6,RETIRED,NEW YORK,995.1,0.994735523,MID,MIDDLE-AGED,2,2024,829.25,909,Project C,Prajwal,66.14074631,,,,,,
121,DAVID HAMPTON,39,FEMALE,HR,9941,07-06-2024,3,15,RETIRED,NEW YORK,994.1,0.993482076,SENIOR,MIDDLE-AGED,3,2024,828.4166667,121,Project D,Prajwal,65.97378746,,,,,,
290,SARA STOKES,30,FEMALE,IT,9921,10-01-2018,3,2,RETIRED,NEW YORK,992.1,0.990975182,JUNIOR,MIDDLE-AGED,2,2018,826.75,290,Project C,Ayush,70.62241612,,,,,,
595,MICHELLE SMITH,35,OTHER,SALES,9906,12-18-2018,2.9,9,ACTIVE,LOS ANGELES,990.6,0.989095011,SENIOR,MIDDLE-AGED,5,2018,825.5,595,Project C,unknown,66.74489408,,,,,,
86,CHASE TAYLOR,29,OTHER,IT,9901,10-04-2017,2,7,ACTIVE,REMOTE,990.1,0.988468288,MID,YOUNG,3,2017,825.0833333,86,Project C,Ayush,70.27845399,,,,,,
707,ANGELA ROBERTS,42,MALE,IT,9871,07-09-2018,2.9,5,RETIRED,LOS ANGELES,987.1,0.984707947,MID,MIDDLE-AGED,4,2018,822.5833333,707,Project D,Ayush,69.76251079,,,,,,
518,ANTHONY SANCHEZ DVM,37,OTHER,IT,9844,11-28-2020,2.9,4,ACTIVE,LOS ANGELES,984.4,0.98132364,MID,MIDDLE-AGED,5,2020,820.3333333,518,Project A,Ayush,69.29816191,,,,,,
899,TIFFANY JORDAN,44,MALE,SALES,9819,7-15-2022,2.9,13,ACTIVE,NEW YORK,981.9,0.978190023,SENIOR,MIDDLE-AGED,6,2022,818.25,899,Project C,unknown,65.2804477,,,,,,
113,LUKE MCPHERSON,34,OTHER,IT,9812,1-29-2016,3,13,ACTIVE,NEW YORK,981.2,0.97731261,SENIOR,MIDDLE-AGED,7,2016,817.6666667,113,Project A,Ayush,68.7478225,,,,,,
618,TIFFANY RICHARDSON,36,OTHER,IT,9775,11-24-2018,4,5,ACTIVE,LOS ANGELES,977.5,0.972674856,MID,MIDDLE-AGED,9,2018,814.5833333,618,Project B,Ayush,68.11149255,,,,,,
920,CHERYL SINGH,56,OTHER,HR,9761,5-14-2020,2.9,6,RETIRED,LOS ANGELES,976.1,0.97092003,MID,MIDDLE-AGED,6,2020,813.4166667,920,Project D,Prajwal,62.96852826,,,,,,
159,ERIN HARRISON,34,MALE,HR,9719,7-31-2019,2,2,RETIRED,REMOTE,971.9,0.965655553,JUNIOR,MIDDLE-AGED,7,2019,809.9166667,159,Project B,Prajwal,62.26730111,,,,,,
757,JAMES JAMES,38,MALE,SALES,9666,4-14-2016,2.9,15,ACTIVE,LOS ANGELES,966.6,0.959012284,SENIOR,MIDDLE-AGED,8,2016,805.5,757,Project D,unknown,62.70504201,,,,,,
779,DAVID NELSON,39,OTHER,SALES,9653,08-08-2021,2.9,19,RETIRED,NEW YORK,965.3,0.957382803,SENIOR,MIDDLE-AGED,10,2021,804.4166667,779,Project A,unknown,62.48621669,,,,,,
517,CHRISTINA LOWE,35,FEMALE,SALES,9630,07-03-2018,2.9,2,ACTIVE,LOS ANGELES,963,0.954499875,JUNIOR,MIDDLE-AGED,11,2018,802.5,517,Project D,unknown,62.0990642,,,,,,
704,CHERYL CHAMBERS,42,OTHER,IT,9621,11-18-2018,2,16,ACTIVE,REMOTE,962.1,0.953371772,SENIOR,MIDDLE-AGED,11,2018,801.75,704,Project A,Ayush,65.46298413,,,,,,
933,KRISTIN COLE,50,MALE,SALES,9616,02-03-2017,2,13,RETIRED,REMOTE,961.6,0.952745049,SENIOR,MIDDLE-AGED,12,2017,801.3333333,933,Project B,unknown,61.86340616,,,,,,
23,BRYCE CARTER,35,FEMALE,SALES,9598,12-16-2015,4,4,RETIRED,NEW YORK,959.8,0.950488844,MID,MIDDLE-AGED,13,2015,799.8333333,23,Project D,unknown,61.56041726,,,,,,
710,JACOB WOODS,54,FEMALE,IT,9592,06-03-2020,2.9,2,ACTIVE,NEW YORK,959.2,0.949736776,JUNIOR,MIDDLE-AGED,13,2020,799.3333333,710,Project B,Ayush,64.96423903,,,,,,
923,JOSEPH MURILLO,39,MALE,HR,9553,5-30-2018,2.9,15,ACTIVE,LOS ANGELES,955.3,0.944848333,SENIOR,MIDDLE-AGED,9,2018,796.0833333,923,Project A,Prajwal,59.49578429,,,,,,
101,BRYAN NAVARRO,26,FEMALE,IT,9538,1-23-2021,2.9,3,ACTIVE,NEW YORK,953.8,0.942968162,MID,YOUNG,14,2021,794.8333333,101,Project D,Ayush,64.03554127,,,,,,
793,OLIVIA BUTLER,28,FEMALE,IT,9518,10-05-2024,2.9,9,ACTIVE,LOS ANGELES,951.8,0.940461268,SENIOR,YOUNG,15,2024,793.1666667,793,Project C,Ayush,63.69157914,,,,,,
433,BRYAN MEDINA,41,OTHER,HR,9516,04-07-2021,3,13,RETIRED,NEW YORK,951.6,0.940210579,SENIOR,MIDDLE-AGED,10,2021,793,433,Project C,Prajwal,58.87803656,,,,,,
42,CHARLES MCCALL,58,OTHER,IT,9512,11-10-2024,2.9,8,RETIRED,LOS ANGELES,951.2,0.9397092,SENIOR,MIDDLE-AGED,16,2024,792.6666667,42,Project D,Ayush,63.5883905,,,,,,
889,JODI GRAVES,32,OTHER,IT,9511,5-23-2022,2.9,3,RETIRED,LOS ANGELES,951.1,0.939583856,MID,MIDDLE-AGED,17,2022,792.5833333,889,Project D,Ayush,63.57119239,,,,,,
406,HEATHER SCOTT,57,MALE,SALES,9505,8-18-2024,3,6,RETIRED,NEW YORK,950.5,0.938831787,MID,MIDDLE-AGED,14,2024,792.0833333,406,Project B,unknown,59.99497458,,,,,,
743,TIMOTHY GUZMAN,41,FEMALE,SALES,9409,9-17-2023,2.9,16,RETIRED,NEW YORK,940.9,0.926798696,SENIOR,MIDDLE-AGED,16,2023,784.0833333,743,Project B,unknown,58.37903375,,,,,,
945,MARY ARMSTRONG,29,FEMALE,HR,9402,12-13-2017,2.9,2,ACTIVE,NEW YORK,940.2,0.925921284,JUNIOR,YOUNG,12,2017,783.5,945,Project A,Prajwal,56.97470574,,,,,,
588,KRYSTAL RICE,42,OTHER,HR,9390,08-05-2021,5,13,RETIRED,NEW YORK,939,0.924417147,SENIOR,MIDDLE-AGED,13,2021,782.5,588,Project D,Prajwal,56.77435512,,,,,,
338,MICHELLE BRENNAN,60,OTHER,HR,9385,9-29-2024,2,15,RETIRED,REMOTE,938.5,0.923790424,SENIOR,SENIOR,14,2024,782.0833333,338,Project A,Prajwal,56.6908757,,,,,,
216,SARA JONES,50,FEMALE,SALES,9377,10-16-2019,2.9,3,ACTIVE,LOS ANGELES,937.7,0.922787666,MID,MIDDLE-AGED,17,2019,781.4166667,216,Project B,unknown,57.84038681,,,,,,
300,TERRY SMITH,38,FEMALE,SALES,9375,12-23-2022,2.9,2,RETIRED,NEW YORK,937.5,0.922536977,JUNIOR,MIDDLE-AGED,18,2022,781.25,300,Project C,unknown,57.80672138,,,,,,
630,PATRICIA SCOTT,52,OTHER,SALES,9364,11-05-2019,2.9,5,ACTIVE,NEW YORK,936.4,0.921158185,MID,MIDDLE-AGED,19,2019,780.3333333,630,Project D,unknown,57.62156149,,,,,,
774,PENNY JENNINGS,30,OTHER,IT,9314,11-08-2016,2.9,4,ACTIVE,LOS ANGELES,931.4,0.91489095,MID,MIDDLE-AGED,19,2016,776.1666667,774,Project C,Ayush,60.18316538,,,,,,
858,SARAH FLETCHER,41,MALE,HR,9285,04-11-2023,3,19,ACTIVE,NEW YORK,928.5,0.911255954,SENIOR,MIDDLE-AGED,16,2023,773.75,858,Project D,Prajwal,55.02128725,,,,,,
826,SARAH SANDERS,54,OTHER,IT,9279,3-24-2021,2.9,18,RETIRED,NEW YORK,927.9,0.910503886,SENIOR,MIDDLE-AGED,21,2021,773.25,826,Project C,Ayush,59.58123165,,,,,,
382,DAVID MARSHALL,43,OTHER,SALES,9269,10-05-2018,2,13,RETIRED,REMOTE,926.9,0.909250439,SENIOR,MIDDLE-AGED,22,2018,772.4166667,382,Project B,unknown,56.02245338,,,,,,
35,LISA FRY,51,FEMALE,IT,9259,9-26-2017,4,17,RETIRED,LOS ANGELES,925.9,0.907996992,SENIOR,MIDDLE-AGED,25,2017,771.5833333,35,Project A,Ayush,59.23726952,,,,,,
255,SUSAN FISHER,45,MALE,HR,9207,01-05-2020,4,4,ACTIVE,LOS ANGELES,920.7,0.901479067,MID,MIDDLE-AGED,17,2020,767.25,255,Project B,Prajwal,53.71900826,,,,,,
492,DR. JACOB CASTANEDA DVM,53,OTHER,SALES,9181,2-17-2024,5,2,RETIRED,LOS ANGELES,918.1,0.898220105,JUNIOR,MIDDLE-AGED,23,2024,765.0833333,492,Project B,unknown,54.54117429,,,,,,
307,HENRY HARMON,57,MALE,HR,9161,08-02-2022,2.9,5,RETIRED,LOS ANGELES,916.1,0.895713211,MID,MIDDLE-AGED,18,2022,763.4166667,307,Project C,Prajwal,52.95099758,,,,,,
226,BRIAN WHITE,51,OTHER,IT,9160,4-27-2017,2.9,15,RETIRED,LOS ANGELES,916,0.895587867,SENIOR,MIDDLE-AGED,26,2017,763.3333333,226,Project C,Ayush,57.53465696,,,,,,
443,KIMBERLY SPARKS,26,OTHER,SALES,9146,7-29-2024,3,3,RETIRED,NEW YORK,914.6,0.893833041,MID,YOUNG,24,2024,762.1666667,443,Project A,unknown,53.9520292,,,,,,
989,HANNAH HICKMAN,36,FEMALE,IT,9118,07-02-2022,5,5,ACTIVE,NEW YORK,911.8,0.890323389,MID,MIDDLE-AGED,27,2022,759.8333333,989,Project B,Ayush,56.81233648,,,,,,
809,MATTHEW BONILLA,44,MALE,IT,9092,06-11-2018,2,20,ACTIVE,REMOTE,909.2,0.887064427,SENIOR,MIDDLE-AGED,28,2018,757.6666667,809,Project D,Ayush,56.36518571,,,,,,
375,ANTHONY BALDWIN,42,MALE,IT,9067,3-15-2017,5,5,ACTIVE,NEW YORK,906.7,0.88393081,MID,MIDDLE-AGED,30,2017,755.5833333,375,Project A,Ayush,55.93523304,,,,,,
640,CARLOS MCMILLAN,24,OTHER,IT,8973,3-18-2016,2.9,4,RETIRED,LOS ANGELES,897.3,0.872148408,MID,YOUNG,31,2016,747.75,640,Project C,Ayush,54.31861101,,,,,,
821,KAREN WASHINGTON,31,MALE,SALES,8949,10-21-2018,2.9,5,RETIRED,NEW YORK,894.9,0.869140135,MID,MIDDLE-AGED,27,2018,745.75,821,Project C,unknown,50.63598396,,,,,,
565,KATHLEEN ROSS,50,MALE,IT,8941,09-12-2018,2,11,ACTIVE,REMOTE,894.1,0.868137378,SENIOR,MIDDLE-AGED,34,2018,745.0833333,565,Project A,Ayush,53.7682716,,,,,,
40,LISA WAGNER,36,MALE,HR,8870,08-12-2024,4,17,ACTIVE,LOS ANGELES,887,0.859237904,SENIOR,MIDDLE-AGED,24,2024,739.1666667,40,Project D,Prajwal,48.0924952,,,,,,
752,DAVID POWELL IV,40,OTHER,IT,8831,1-27-2021,5,8,ACTIVE,NEW YORK,883.1,0.854349461,SENIOR,MIDDLE-AGED,35,2021,735.9166667,752,Project D,Ayush,51.87647987,,,,,,
843,SARA KING,36,FEMALE,SALES,8775,5-31-2021,2.9,3,RETIRED,LOS ANGELES,877.5,0.847330158,MID,MIDDLE-AGED,29,2021,731.25,843,Project B,unknown,47.70709121,,,,,,
887,CHRISTINE HOOPER,43,FEMALE,IT,8772,10-13-2021,2.9,6,ACTIVE,NEW YORK,877.2,0.846954124,MID,MIDDLE-AGED,36,2021,731,887,Project C,Ayush,50.86179158,,,,,,
985,JEFFREY HALL,41,OTHER,IT,8768,8-27-2018,3,16,RETIRED,LOS ANGELES,876.8,0.846452745,SENIOR,MIDDLE-AGED,37,2018,730.6666667,985,Project C,Ayush,50.79299915,,,,,,
391,CHLOE NEWMAN,32,OTHER,SALES,8745,08-01-2019,5,13,RETIRED,LOS ANGELES,874.5,0.843569817,SENIOR,MIDDLE-AGED,30,2019,728.75,391,Project C,unknown,47.2021097,,,,,,
596,MEGAN BARRY,53,FEMALE,SALES,8742,04-05-2019,2.9,16,RETIRED,LOS ANGELES,874.2,0.843193783,SENIOR,MIDDLE-AGED,31,2019,728.5,596,Project B,unknown,47.15161155,,,,,,
227,ASHLEY ROBBINS,49,OTHER,HR,8733,02-06-2019,2.9,2,RETIRED,LOS ANGELES,873.3,0.842065681,JUNIOR,MIDDLE-AGED,27,2019,727.75,227,Project D,Prajwal,45.80515903,,,,,,
90,LAUREN LEE,60,FEMALE,SALES,8710,7-16-2020,2,10,RETIRED,REMOTE,871,0.839182753,SENIOR,SENIOR,32,2020,725.8333333,90,Project D,unknown,46.61296461,,,,,,
679,MANUEL LEWIS,42,FEMALE,IT,8696,12-09-2023,2.9,11,RETIRED,NEW YORK,869.6,0.837427927,SENIOR,MIDDLE-AGED,40,2023,724.6666667,679,Project A,Ayush,49.55473547,,,,,,
983,STEPHEN PONCE,46,OTHER,SALES,8696,10-14-2022,4,2,ACTIVE,NEW YORK,869.6,0.837427927,JUNIOR,MIDDLE-AGED,33,2022,724.6666667,983,Project A,unknown,46.37730657,,,,,,
39,JORDAN SCOTT,33,OTHER,SALES,8678,5-15-2016,5,9,ACTIVE,LOS ANGELES,867.8,0.835171722,SENIOR,MIDDLE-AGED,34,2016,723.1666667,39,Project C,unknown,46.07431767,,,,,,
609,KIMBERLY GALVAN,55,MALE,HR,8646,3-24-2018,2,14,RETIRED,REMOTE,864.6,0.831160692,SENIOR,MIDDLE-AGED,28,2018,720.5,609,Project B,Prajwal,44.35261708,,,,,,
701,JERRY THOMPSON,44,FEMALE,IT,8634,2-28-2021,2.9,3,RETIRED,NEW YORK,863.4,0.829656556,MID,MIDDLE-AGED,41,2021,719.5,701,Project D,Ayush,48.48845286,,,,,,
865,JESSICA GARCIA,47,MALE,SALES,8619,8-23-2024,2,13,ACTIVE,REMOTE,861.9,0.827776385,SENIOR,MIDDLE-AGED,35,2024,718.25,865,Project A,unknown,45.08118737,,,,,,
118,GREGORY ROBINSON,32,OTHER,IT,8619,1-16-2021,2.9,8,RETIRED,NEW YORK,861.9,0.827776385,SENIOR,MIDDLE-AGED,44,2021,718.25,118,Project B,Ayush,48.23048126,,,,,,
438,KRISTIE NELSON,41,OTHER,IT,8618,12-04-2023,2.9,6,RETIRED,LOS ANGELES,861.8,0.82765104,MID,MIDDLE-AGED,45,2023,718.1666667,438,Project D,Ayush,48.21328315,,,,,,
237,JOAN TREVINO,46,MALE,SALES,8607,1-21-2019,5,3,RETIRED,NEW YORK,860.7,0.826272249,MID,MIDDLE-AGED,36,2019,717.25,237,Project B,unknown,44.87919476,,,,,,
508,GEORGE MCPHERSON,35,MALE,HR,8602,10-30-2018,2,17,RETIRED,REMOTE,860.2,0.825645525,SENIOR,MIDDLE-AGED,29,2018,716.8333333,508,Project D,Prajwal,43.61799816,,,,,,
228,MARY MCGUIRE,45,OTHER,IT,8587,1-21-2019,2,18,ACTIVE,REMOTE,858.7,0.823765355,SENIOR,MIDDLE-AGED,47,2019,715.5833333,228,Project D,Ayush,47.68014185,,,,,,
207,MARIO JACKSON,43,MALE,IT,8563,12-28-2017,4,11,ACTIVE,LOS ANGELES,856.3,0.820757082,SENIOR,MIDDLE-AGED,48,2017,713.5833333,207,Project D,Ayush,47.26738729,,,,,,
61,ANDREW SHANNON,51,OTHER,SALES,8544,02-08-2020,2.9,6,ACTIVE,NEW YORK,854.4,0.818375533,MID,MIDDLE-AGED,38,2020,712,61,Project B,unknown,43.81873359,,,,,,
449,NATHAN RODRIGUEZ,29,OTHER,HR,8526,12-08-2021,2.9,2,RETIRED,LOS ANGELES,852.6,0.816119328,JUNIOR,YOUNG,30,2021,710.5,449,Project B,Prajwal,42.34911094,,,,,,
656,SABRINA NORRIS,55,FEMALE,SALES,8505,12-23-2022,2.9,9,RETIRED,NEW YORK,850.5,0.813487089,SENIOR,MIDDLE-AGED,39,2022,708.75,656,Project A,unknown,43.16225763,,,,,,
316,CYNTHIA COX,46,OTHER,IT,8499,12-08-2022,2.9,4,RETIRED,LOS ANGELES,849.9,0.812735021,MID,MIDDLE-AGED,49,2022,708.25,316,Project B,Ayush,46.16670846,,,,,,
773,BRYAN BROWN,45,OTHER,IT,8462,03-12-2019,3,2,ACTIVE,LOS ANGELES,846.2,0.808097267,JUNIOR,MIDDLE-AGED,50,2019,705.1666667,773,Project A,Ayush,45.53037851,,,,,,
161,CINDY TORRES,31,MALE,IT,8428,9-17-2024,4,11,RETIRED,NEW YORK,842.8,0.803835548,SENIOR,MIDDLE-AGED,51,2024,702.3333333,161,Project D,Ayush,44.94564289,,,,,,
204,RANDY PACE,28,MALE,HR,8416,2-21-2022,2.9,8,ACTIVE,LOS ANGELES,841.6,0.802331411,SENIOR,YOUNG,33,2022,701.3333333,204,Project A,Prajwal,40.51256365,,,,,,
623,JOSEPH SMITH,26,MALE,SALES,8377,6-23-2022,2,7,ACTIVE,REMOTE,837.7,0.797442968,MID,YOUNG,40,2022,698.0833333,623,Project A,unknown,41.00766986,,,,,,
175,AMANDA WALTERS,46,OTHER,SALES,8354,10-26-2015,2.9,10,ACTIVE,LOS ANGELES,835.4,0.79456004,SENIOR,MIDDLE-AGED,41,2015,696.1666667,175,Project C,unknown,40.62051737,,,,,,
357,JAMES ANDERSON,55,OTHER,SALES,8344,10-10-2015,2,19,ACTIVE,REMOTE,834.4,0.793306593,SENIOR,MIDDLE-AGED,42,2015,695.3333333,357,Project B,unknown,40.4521902,,,,,,
324,ANTHONY LAM,46,MALE,HR,8306,11-14-2024,5,15,ACTIVE,NEW YORK,830.6,0.788543495,SENIOR,MIDDLE-AGED,37,2024,692.1666667,324,Project B,Prajwal,38.67601636,,,,,,
514,MISS ALYSSA PEREZ DDS,59,OTHER,HR,8297,10-13-2015,4,2,RETIRED,LOS ANGELES,829.7,0.787415392,JUNIOR,MIDDLE-AGED,38,2015,691.4166667,514,Project A,Prajwal,38.5257534,,,,,,
942,ELIZABETH MIDDLETON,38,OTHER,HR,8277,09-05-2020,4,9,RETIRED,LOS ANGELES,827.7,0.784908498,SENIOR,MIDDLE-AGED,39,2020,689.75,942,Project A,Prajwal,38.19183571,,,,,,
877,NICOLE SMITH,50,OTHER,HR,8274,11-06-2023,2.9,3,ACTIVE,NEW YORK,827.4,0.784532464,MID,MIDDLE-AGED,40,2023,689.5,877,Project D,Prajwal,38.14174806,,,,,,
970,MICHAEL MEJIA,53,MALE,SALES,8260,8-30-2020,2.9,15,RETIRED,NEW YORK,826,0.782777639,SENIOR,MIDDLE-AGED,43,2020,688.3333333,970,Project D,unknown,39.03824198,,,,,,
850,DR. SHAWN MIRANDA,26,MALE,HR,8255,8-20-2017,2.9,2,ACTIVE,NEW YORK,825.5,0.782150915,JUNIOR,YOUNG,41,2017,687.9166667,850,Project C,Prajwal,37.82452625,,,,,,
841,JACQUELINE EVANS,60,OTHER,HR,8240,11-27-2017,4,13,RETIRED,NEW YORK,824,0.780270745,SENIOR,SENIOR,42,2017,686.6666667,841,Project D,Prajwal,37.57408799,,,,,,
439,MRS. LISA SUAREZ,56,MALE,IT,8236,11-06-2023,2.9,2,RETIRED,LOS ANGELES,823.6,0.779769366,JUNIOR,MIDDLE-AGED,52,2023,686.3333333,439,Project A,Ayush,41.64360641,,,,,,
556,CRYSTAL KIDD,29,FEMALE,HR,8220,11-20-2019,5,11,ACTIVE,LOS ANGELES,822,0.777763851,SENIOR,YOUNG,43,2019,685,556,Project C,Prajwal,37.2401703,,,,,,
562,PAMELA LEVINE,37,FEMALE,HR,8201,11-13-2017,2,16,RETIRED,REMOTE,820.1,0.775382301,SENIOR,MIDDLE-AGED,44,2017,683.4166667,562,Project C,Prajwal,36.92294849,,,,,,
863,DANA PAYNE,28,MALE,HR,8191,02-10-2022,2.9,2,ACTIVE,NEW YORK,819.1,0.774128854,JUNIOR,YOUNG,45,2022,682.5833333,863,Project C,Prajwal,36.75598965,,,,,,
292,RACHEL SOSA,47,OTHER,IT,8158,02-07-2022,2,6,RETIRED,REMOTE,815.8,0.769992479,MID,MIDDLE-AGED,54,2022,679.8333333,292,Project C,Ayush,40.30215409,,,,,,
147,RACHEL ALLEN,22,OTHER,IT,8152,1-30-2018,2.9,4,ACTIVE,NEW YORK,815.2,0.769240411,MID,YOUNG,55,2018,679.3333333,147,Project B,Ayush,40.19896545,,,,,,
661,DAWN COLEMAN,48,FEMALE,HR,8150,3-30-2017,2.9,3,ACTIVE,NEW YORK,815,0.768989722,MID,MIDDLE-AGED,47,2017,679.1666667,661,Project A,Prajwal,36.07145839,,,,,,
217,ALISON ANDERSON,35,FEMALE,SALES,8129,6-29-2024,2.9,3,RETIRED,NEW YORK,812.9,0.766357483,MID,MIDDLE-AGED,46,2024,677.4166667,217,Project C,unknown,36.83315606,,,,,,
939,ANDREA ODOM,60,FEMALE,SALES,8067,12-03-2023,2.9,8,RETIRED,NEW YORK,806.7,0.758586112,SENIOR,SENIOR,50,2023,672.25,939,Project A,unknown,35.78952761,,,,,,
676,CHARLES NICHOLS,59,OTHER,SALES,8057,8-27-2020,2.9,6,ACTIVE,NEW YORK,805.7,0.757332665,MID,MIDDLE-AGED,51,2020,671.4166667,676,Project C,unknown,35.62120044,,,,,,
76,CAMERON BUTLER,31,FEMALE,IT,8032,10-20-2023,4,11,RETIRED,NEW YORK,803.2,0.754199047,SENIOR,MIDDLE-AGED,57,2023,669.3333333,76,Project C,Ayush,38.13519265,,,,,,
344,MARK MCBRIDE,52,MALE,IT,8000,03-05-2023,2.9,7,RETIRED,NEW YORK,800,0.750188017,MID,MIDDLE-AGED,58,2023,666.6666667,344,Project D,Ayush,37.58485324,,,,,,
306,ALEXANDER JOHNSON,36,OTHER,SALES,7992,4-20-2024,2,7,ACTIVE,REMOTE,799.2,0.749185259,MID,MIDDLE-AGED,54,2024,666,306,Project D,unknown,34.52707384,,,,,,
123,KENNETH JENSEN,46,OTHER,IT,7991,4-21-2017,2.9,13,RETIRED,LOS ANGELES,799.1,0.749059915,SENIOR,MIDDLE-AGED,59,2017,665.9166667,123,Project A,Ayush,37.43007028,,,,,,
235,STUART RODRIGUEZ,33,OTHER,SALES,7974,2-15-2017,2.9,7,ACTIVE,LOS ANGELES,797.4,0.746929055,MID,MIDDLE-AGED,55,2017,664.5,235,Project D,unknown,34.22408493,,,,,,
47,ALICIA SCOTT,47,FEMALE,HR,7966,09-03-2019,2.9,8,RETIRED,NEW YORK,796.6,0.745926297,SENIOR,MIDDLE-AGED,51,2019,663.8333333,47,Project A,Prajwal,32.99941564,,,,,,
591,NANCY VINCENT,38,OTHER,HR,7948,09-06-2020,2.9,18,RETIRED,LOS ANGELES,794.8,0.743670093,SENIOR,MIDDLE-AGED,52,2020,662.3333333,591,Project C,Prajwal,32.69888972,,,,,,
385,MONICA BALDWIN,33,FEMALE,SALES,7941,8-24-2017,2.9,14,ACTIVE,LOS ANGELES,794.1,0.74279268,SENIOR,MIDDLE-AGED,56,2017,661.75,385,Project B,unknown,33.66860528,,,,,,
328,MATTHEW GUERRERO,22,FEMALE,HR,7928,05-11-2021,3,2,ACTIVE,LOS ANGELES,792.8,0.741163199,JUNIOR,YOUNG,53,2021,660.6666667,328,Project D,Prajwal,32.36497203,,,,,,
363,MR. TIMOTHY MITCHELL DDS,29,FEMALE,IT,7903,1-22-2018,2.9,2,ACTIVE,NEW YORK,790.3,0.738029581,JUNIOR,YOUNG,62,2018,658.5833333,363,Project B,Ayush,35.91663689,,,,,,
186,JANE GARDNER,51,OTHER,SALES,7894,12-29-2014,2.9,11,RETIRED,LOS ANGELES,789.4,0.736901479,SENIOR,MIDDLE-AGED,58,2014,657.8333333,186,Project C,unknown,32.87746758,,,,,,
179,DANIEL HOFFMAN,36,MALE,IT,7885,06-04-2016,2,2,RETIRED,REMOTE,788.5,0.735773377,JUNIOR,MIDDLE-AGED,64,2016,657.0833333,179,Project C,Ayush,35.60707097,,,,,,
820,AMBER WARD,54,FEMALE,SALES,7880,9-19-2024,3,6,ACTIVE,NEW YORK,788,0.735146653,MID,MIDDLE-AGED,59,2024,656.6666667,820,Project D,unknown,32.64180954,,,,,,
593,LAURA SMITH,47,FEMALE,SALES,7876,4-30-2019,2,2,ACTIVE,REMOTE,787.6,0.734645275,JUNIOR,MIDDLE-AGED,60,2019,656.3333333,593,Project B,unknown,32.57447867,,,,,,
440,NICHOLAS WILSON,60,OTHER,IT,7865,09-08-2015,2,8,ACTIVE,REMOTE,786.5,0.733266483,SENIOR,SENIOR,65,2015,655.4166667,440,Project D,Ayush,35.26310884,,,,,,
432,KAYLA GREGORY,38,MALE,SALES,7860,1-25-2023,3,8,RETIRED,LOS ANGELES,786,0.732639759,SENIOR,MIDDLE-AGED,62,2023,655,432,Project D,unknown,32.3051552,,,,,,
601,JASON HESS,30,FEMALE,IT,7847,04-04-2024,3,10,RETIRED,NEW YORK,784.7,0.731010278,SENIOR,MIDDLE-AGED,66,2024,653.9166667,601,Project C,Ayush,34.95354292,,,,,,
643,HEATHER HENRY,45,FEMALE,IT,7756,07-05-2018,3,5,RETIRED,LOS ANGELES,775.6,0.719603911,MID,MIDDLE-AGED,67,2018,646.3333333,643,Project C,Ayush,33.38851522,,,,,,
424,ANTONIO SHIELDS,46,MALE,HR,7729,04-11-2022,3,7,RETIRED,LOS ANGELES,772.9,0.716219604,MID,MIDDLE-AGED,56,2022,644.0833333,424,Project B,Prajwal,29.04249103,,,,,,
323,JAMES SMITH,53,MALE,SALES,7727,3-13-2021,2.9,16,RETIRED,LOS ANGELES,772.7,0.715968915,SENIOR,MIDDLE-AGED,63,2021,643.9166667,323,Project B,unknown,30.06640385,,,,,,
245,JUSTIN HAMPTON,55,MALE,IT,7725,11-22-2024,4,10,RETIRED,NEW YORK,772.5,0.715718225,SENIOR,MIDDLE-AGED,68,2024,643.75,245,Project C,Ayush,32.85537391,,,,,,
882,RYAN JAMES,41,MALE,SALES,7686,2-16-2015,2.9,13,RETIRED,LOS ANGELES,768.6,0.710829782,SENIOR,MIDDLE-AGED,64,2015,640.5,882,Project C,unknown,29.37626245,,,,,,
776,EMILY PRICE,53,MALE,HR,7659,09-02-2020,3,16,ACTIVE,LOS ANGELES,765.9,0.707445475,SENIOR,MIDDLE-AGED,57,2020,638.25,776,Project C,Prajwal,27.87377911,,,,,,
996,PAMELA REEVES,49,FEMALE,SALES,7652,6-23-2024,4,3,ACTIVE,LOS ANGELES,765.2,0.706568062,MID,MIDDLE-AGED,65,2024,637.6666667,996,Project A,unknown,28.80395008,,,,,,
67,KELLI LOPEZ,25,FEMALE,HR,7637,9-21-2021,2.9,4,ACTIVE,LOS ANGELES,763.7,0.704687892,MID,YOUNG,58,2021,636.4166667,67,Project C,Prajwal,27.50646966,,,,,,
700,DAVID PIERCE,39,FEMALE,IT,7614,3-22-2021,2.9,10,ACTIVE,NEW YORK,761.4,0.701804964,SENIOR,MIDDLE-AGED,69,2021,634.5,700,Project A,Ayush,30.94638407,,,,,,
872,ANTHONY FERGUSON,41,MALE,SALES,7556,02-03-2023,2.9,16,ACTIVE,NEW YORK,755.6,0.694534971,SENIOR,MIDDLE-AGED,69,2023,629.6666667,872,Project C,unknown,27.18800925,,,,,,
305,MARK THOMAS,55,MALE,SALES,7545,10-30-2017,2.9,11,RETIRED,NEW YORK,754.5,0.693156179,SENIOR,MIDDLE-AGED,70,2017,628.75,305,Project D,unknown,27.00284936,,,,,,
208,DAWN FLOWERS,24,FEMALE,IT,7539,02-05-2021,2.9,5,ACTIVE,LOS ANGELES,753.9,0.692404111,MID,YOUNG,72,2021,628.25,208,Project A,Ayush,29.65652607,,,,,,
387,OMAR MARTINEZ,32,MALE,IT,7537,5-30-2018,2.9,10,ACTIVE,NEW YORK,753.7,0.692153422,SENIOR,MIDDLE-AGED,73,2018,628.0833333,387,Project C,Ayush,29.62212986,,,,,,
859,KATELYN JACOBSON,41,OTHER,SALES,7503,8-30-2018,2.9,6,ACTIVE,NEW YORK,750.3,0.687891702,MID,MIDDLE-AGED,72,2018,625.25,859,Project C,unknown,26.29587525,,,,,,
800,ANN MCDONALD,52,FEMALE,HR,7496,5-27-2019,3,6,ACTIVE,LOS ANGELES,749.6,0.687014289,MID,MIDDLE-AGED,60,2019,624.6666667,800,Project B,Prajwal,25.15234995,,,,,,
900,RICHARD PEARSON,52,OTHER,IT,7473,4-24-2023,2,10,ACTIVE,REMOTE,747.3,0.684131361,SENIOR,MIDDLE-AGED,75,2023,622.75,900,Project C,Ayush,28.52145103,,,,,,
498,LORI THOMAS,52,MALE,IT,7471,3-14-2023,2.9,9,RETIRED,NEW YORK,747.1,0.683880672,SENIOR,MIDDLE-AGED,76,2023,622.5833333,498,Project B,Ayush,28.48705482,,,,,,
109,MRS. ROBIN MCCARTHY PHD,51,MALE,HR,7457,4-24-2019,2.9,15,ACTIVE,LOS ANGELES,745.7,0.682125846,SENIOR,MIDDLE-AGED,62,2019,621.4166667,109,Project A,Prajwal,24.50121045,,,,,,
561,KIMBERLY DAVIS,52,FEMALE,HR,7404,01-06-2024,4,15,RETIRED,NEW YORK,740.4,0.675482577,SENIOR,MIDDLE-AGED,63,2024,617,561,Project B,Prajwal,23.61632858,,,,,,
502,CHRISTINA HAYES,32,MALE,SALES,7401,7-28-2020,2.9,8,ACTIVE,LOS ANGELES,740.1,0.675106543,SENIOR,MIDDLE-AGED,75,2020,616.75,502,Project D,unknown,24.57893812,,,,,,
414,JACOB KELLEY,41,OTHER,HR,7380,10-25-2023,2.9,13,ACTIVE,LOS ANGELES,738,0.672474304,SENIOR,MIDDLE-AGED,64,2023,615,414,Project B,Prajwal,23.21562735,,,,,,
1000,SHAWN SCOTT,45,MALE,IT,7364,7-31-2022,2,4,ACTIVE,REMOTE,736.4,0.670468789,MID,MIDDLE-AGED,78,2022,613.6666667,1000,Project D,Ayush,26.64685741,,,,,,
814,DR. PAMELA KEY,27,FEMALE,SALES,7359,09-06-2018,2.9,7,ACTIVE,NEW YORK,735.9,0.669842066,MID,YOUNG,76,2018,613.25,814,Project B,unknown,23.87196401,,,,,,
512,ELLEN WRIGHT,56,MALE,HR,7339,01-06-2023,2.9,2,ACTIVE,NEW YORK,733.9,0.667335172,JUNIOR,MIDDLE-AGED,67,2023,611.5833333,512,Project D,Prajwal,22.53109608,,,,,,
724,KEITH JOHNSON,49,MALE,IT,7298,9-21-2020,2.9,18,RETIRED,LOS ANGELES,729.8,0.662196039,SENIOR,MIDDLE-AGED,80,2020,608.1666667,724,Project B,Ayush,25.51178237,,,,,,
110,CATHERINE RAY,58,FEMALE,SALES,7263,12-10-2017,2.9,20,ACTIVE,NEW YORK,726.3,0.657808975,SENIOR,MIDDLE-AGED,79,2017,605.25,110,Project C,unknown,22.25602319,,,,,,
20,VICTORIA FOX,57,FEMALE,HR,7251,06-07-2023,2.9,10,ACTIVE,LOS ANGELES,725.1,0.656304838,SENIOR,MIDDLE-AGED,69,2023,604.25,20,Project B,Prajwal,21.06185825,,,,,,
383,KELLY NORTON,30,FEMALE,IT,7241,12-18-2014,4,2,RETIRED,NEW YORK,724.1,0.655051391,JUNIOR,MIDDLE-AGED,82,2014,603.4166667,383,Project D,Ayush,24.53149029,,,,,,
830,KIMBERLY MORRIS,50,FEMALE,SALES,7236,2-17-2024,2.9,12,RETIRED,NEW YORK,723.6,0.654424668,SENIOR,MIDDLE-AGED,80,2024,603,830,Project D,unknown,21.80153983,,,,,,
549,MORGAN THOMPSON,32,OTHER,HR,7206,01-11-2018,2.9,9,RETIRED,NEW YORK,720.6,0.650664327,SENIOR,MIDDLE-AGED,70,2018,600.5,549,Project B,Prajwal,20.31054345,,,,,,
120,HEIDI FRANKLIN,22,MALE,HR,7187,1-26-2024,2.9,2,ACTIVE,NEW YORK,718.7,0.648282778,JUNIOR,YOUNG,73,2024,598.9166667,120,Project A,Prajwal,19.99332165,,,,,,
568,COURTNEY LUCAS,20,OTHER,SALES,7155,11-17-2015,2.9,2,RETIRED,LOS ANGELES,715.5,0.644271747,JUNIOR,YOUNG,81,2015,596.25,568,Project B,unknown,20.43808975,,,,,,
367,MISS BARBARA SHORT,50,FEMALE,SALES,7153,08-07-2024,2.9,2,RETIRED,NEW YORK,715.3,0.644021058,JUNIOR,MIDDLE-AGED,82,2024,596.0833333,367,Project D,unknown,20.40442432,,,,,,
713,HOWARD KEY,47,MALE,HR,7123,04-04-2019,2.9,11,ACTIVE,NEW YORK,712.3,0.640260717,SENIOR,MIDDLE-AGED,75,2019,593.5833333,713,Project C,Prajwal,18.92478504,,,,,,
429,VICKI CARTER,29,OTHER,SALES,7080,09-12-2015,4,4,RETIRED,NEW YORK,708,0.634870895,MID,YOUNG,84,2015,590,429,Project B,unknown,19.17563598,,,,,,
221,STEVEN SALINAS,48,FEMALE,HR,7067,11-23-2023,2.9,8,RETIRED,LOS ANGELES,706.7,0.633241414,SENIOR,MIDDLE-AGED,76,2023,588.9166667,221,Project C,Prajwal,17.98981551,,,,,,
322,JERRY SMITH,39,MALE,SALES,7014,04-03-2018,2.9,7,RETIRED,NEW YORK,701.4,0.626598145,MID,MIDDLE-AGED,85,2018,584.5,322,Project A,unknown,18.06467667,,,,,,
530,KATIE VEGA,40,FEMALE,HR,7002,08-06-2019,2,20,ACTIVE,REMOTE,700.2,0.625094009,SENIOR,MIDDLE-AGED,77,2019,583.5,530,Project C,Prajwal,16.90458302,,,,,,
466,JEREMY PEREZ,21,MALE,IT,6980,3-14-2018,2.9,2,ACTIVE,LOS ANGELES,698,0.622336425,JUNIOR,YOUNG,84,2018,581.6666667,466,Project D,Ayush,20.04278445,,,,,,
723,JILL BUCHANAN,57,MALE,HR,6974,8-13-2024,4,6,ACTIVE,LOS ANGELES,697.4,0.621584357,MID,MIDDLE-AGED,78,2024,581.1666667,723,Project A,Prajwal,16.43709826,,,,,,
213,TYLER CARROLL,54,FEMALE,IT,6942,02-02-2021,3,5,RETIRED,NEW YORK,694.2,0.617573327,MID,MIDDLE-AGED,85,2021,578.5,213,Project C,Ayush,19.3892564,,,,,,
529,ANNE ROBERTS,44,MALE,SALES,6936,11-20-2016,2,2,ACTIVE,REMOTE,693.6,0.616821258,JUNIOR,MIDDLE-AGED,86,2016,578,529,Project A,unknown,16.75172474,,,,,,
68,DENISE SMITH,27,MALE,HR,6921,10-31-2024,2,3,ACTIVE,REMOTE,692.1,0.614941088,MID,YOUNG,79,2024,576.75,68,Project A,Prajwal,15.55221638,,,,,,
644,REBECCA AVERY,40,FEMALE,HR,6918,02-03-2019,5,2,ACTIVE,LOS ANGELES,691.8,0.614565054,JUNIOR,MIDDLE-AGED,80,2019,576.5,644,Project D,Prajwal,15.50212873,,,,,,
719,AMY MILLER,27,OTHER,HR,6899,09-04-2017,5,3,RETIRED,NEW YORK,689.9,0.612183505,MID,YOUNG,82,2017,574.9166667,719,Project C,Prajwal,15.18490692,,,,,,
855,AMY HEATH,54,MALE,SALES,6897,01-02-2021,2,20,ACTIVE,REMOTE,689.7,0.611932815,SENIOR,MIDDLE-AGED,87,2021,574.75,855,Project D,unknown,16.09524878,,,,,,
666,JOHN ADKINS,43,OTHER,SALES,6853,8-28-2017,2.9,10,RETIRED,NEW YORK,685.3,0.606417649,SENIOR,MIDDLE-AGED,88,2017,571.0833333,666,Project A,unknown,15.35460924,,,,,,
88,LORI BOWEN,28,FEMALE,SALES,6839,01-07-2023,2.9,4,ACTIVE,LOS ANGELES,683.9,0.604662823,MID,YOUNG,89,2023,569.9166667,88,Project A,unknown,15.1189512,,,,,,
331,JUAN DEAN,39,MALE,HR,6830,6-28-2015,4,20,RETIRED,NEW YORK,683,0.60353472,SENIOR,MIDDLE-AGED,84,2015,569.1666667,331,Project B,Prajwal,14.03289089,,,,,,
7,DAVID OLSON,39,FEMALE,SALES,6826,05-11-2023,2.9,4,ACTIVE,NEW YORK,682.6,0.603033342,MID,MIDDLE-AGED,90,2023,568.8333333,7,Project B,unknown,14.90012588,,,,,,
816,PHILIP HENDERSON,31,OTHER,HR,6825,06-04-2023,2,12,ACTIVE,REMOTE,682.5,0.602907997,SENIOR,MIDDLE-AGED,86,2023,568.75,816,Project C,Prajwal,13.94941147,,,,,,
99,KATHLEEN THOMAS,20,OTHER,IT,6768,9-15-2018,2.9,2,RETIRED,LOS ANGELES,676.8,0.595763349,JUNIOR,YOUNG,89,2018,564,99,Project C,Ayush,16.39678584,,,,,,
853,ROBERT WILLIAMS,60,MALE,IT,6762,7-22-2017,3,2,RETIRED,NEW YORK,676.2,0.595011281,JUNIOR,SENIOR,90,2017,563.5,853,Project B,Ayush,16.2935972,,,,,,
431,JAMES MELTON,46,OTHER,SALES,6746,7-31-2019,5,16,RETIRED,LOS ANGELES,674.6,0.593005766,SENIOR,MIDDLE-AGED,91,2019,562.1666667,431,Project B,unknown,13.55350852,,,,,,
103,JAMES SAUNDERS,34,OTHER,IT,6742,9-16-2019,2.9,8,ACTIVE,LOS ANGELES,674.2,0.592504387,SENIOR,MIDDLE-AGED,91,2019,561.8333333,103,Project D,Ayush,15.94963507,,,,,,
471,STEPHANIE JACKSON,44,OTHER,IT,6741,6-19-2015,2.9,10,ACTIVE,LOS ANGELES,674.1,0.592379042,SENIOR,MIDDLE-AGED,92,2015,561.75,471,Project A,Ayush,15.93243696,,,,,,
177,SHERRI HESS,37,FEMALE,SALES,6706,5-29-2021,3,9,RETIRED,LOS ANGELES,670.6,0.587991978,SENIOR,MIDDLE-AGED,93,2021,558.8333333,177,Project A,unknown,12.88019985,,,,,,
875,KATHERINE WONG,34,OTHER,HR,6706,10-15-2018,2.9,13,ACTIVE,LOS ANGELES,670.6,0.587991978,SENIOR,MIDDLE-AGED,87,2018,558.8333333,875,Project D,Prajwal,11.96260122,,,,,,
410,BRUCE ANDERSON,51,MALE,HR,6689,5-21-2023,3,18,RETIRED,LOS ANGELES,668.9,0.585861118,SENIOR,MIDDLE-AGED,88,2023,557.4166667,410,Project D,Prajwal,11.67877118,,,,,,
519,KYLE STRONG,46,FEMALE,HR,6688,05-06-2019,2.9,16,ACTIVE,NEW YORK,668.8,0.585735773,SENIOR,MIDDLE-AGED,89,2019,557.3333333,519,Project C,Prajwal,11.6620753,,,,,,
620,JASON DAVIS,31,FEMALE,IT,6675,10-21-2017,2.9,9,ACTIVE,NEW YORK,667.5,0.584106292,SENIOR,MIDDLE-AGED,93,2017,556.25,620,Project A,Ayush,14.79736192,,,,,,
849,FRANK GOMEZ,55,FEMALE,SALES,6659,06-07-2021,2,18,RETIRED,REMOTE,665.9,0.582100777,SENIOR,MIDDLE-AGED,94,2021,554.9166667,849,Project C,unknown,12.08906215,,,,,,
43,APRIL PONCE,27,FEMALE,SALES,6655,10-22-2021,2.9,2,RETIRED,LOS ANGELES,665.5,0.581599398,JUNIOR,YOUNG,95,2021,554.5833333,43,Project A,unknown,12.02173128,,,,,,
364,LINDA WALL,49,OTHER,HR,6590,03-09-2023,2.9,15,ACTIVE,LOS ANGELES,659,0.573451993,SENIOR,MIDDLE-AGED,91,2023,549.1666667,364,Project B,Prajwal,10.02587862,,,,,,
686,JILLIAN RAMOS,27,OTHER,HR,6589,10-16-2016,2.9,3,RETIRED,NEW YORK,658.9,0.573326648,MID,YOUNG,92,2016,549.0833333,686,Project B,Prajwal,10.00918274,,,,,,
17,JONATHAN PEREZ,59,MALE,HR,6586,2-19-2019,3,7,RETIRED,LOS ANGELES,658.6,0.572950614,MID,MIDDLE-AGED,93,2019,548.8333333,17,Project B,Prajwal,9.959095083,,,,,,
918,ERIN WALKER,45,FEMALE,HR,6585,2-18-2016,2.9,9,RETIRED,LOS ANGELES,658.5,0.572825269,SENIOR,MIDDLE-AGED,94,2016,548.75,918,Project C,Prajwal,9.942399199,,,,,,
53,STEVE SALINAS,42,OTHER,SALES,6567,3-26-2022,2,19,RETIRED,REMOTE,656.7,0.570569065,SENIOR,MIDDLE-AGED,98,2022,547.25,53,Project B,unknown,10.54045219,,,,,,
197,JOSHUA BOOKER,22,MALE,HR,6539,07-12-2022,2.9,2,ACTIVE,LOS ANGELES,653.9,0.567059413,JUNIOR,YOUNG,95,2022,544.9166667,197,Project D,Prajwal,9.174388513,,,,,,
911,KIMBERLY MOSES,49,FEMALE,IT,6502,5-28-2022,3,2,ACTIVE,LOS ANGELES,650.2,0.56242166,JUNIOR,MIDDLE-AGED,95,2022,541.8333333,911,Project A,Ayush,11.82208947,,,,,,
335,MELISSA FISHER,56,MALE,HR,6496,10-20-2018,2,11,ACTIVE,REMOTE,649.6,0.561669591,SENIOR,MIDDLE-AGED,96,2018,541.3333333,335,Project C,Prajwal,8.456465481,,,,,,
543,MICHAEL PARKER,37,OTHER,HR,6468,11-17-2018,2.9,13,RETIRED,LOS ANGELES,646.8,0.55815994,SENIOR,MIDDLE-AGED,97,2018,539,543,Project A,Prajwal,7.988980716,,,,,,
148,MR. BRANDON GONZALES,37,FEMALE,SALES,6429,9-23-2023,2,10,RETIRED,REMOTE,642.9,0.553271497,SENIOR,MIDDLE-AGED,101,2023,535.75,148,Project B,unknown,8.217537252,,,,,,
144,DANA POTTER,46,MALE,IT,6368,04-07-2024,2.9,2,RETIRED,NEW YORK,636.8,0.54562547,JUNIOR,MIDDLE-AGED,96,2024,530.6666667,144,Project C,Ayush,9.517543178,,,,,,
642,BRIANNA PHELPS,37,MALE,SALES,6354,12-03-2021,2.9,9,ACTIVE,LOS ANGELES,635.4,0.543870644,SENIOR,MIDDLE-AGED,102,2021,529.5,642,Project A,unknown,6.955083481,,,,,,
731,MELISSA CAREY,40,FEMALE,IT,6352,06-03-2020,2,4,ACTIVE,REMOTE,635.2,0.543619955,MID,MIDDLE-AGED,97,2020,529.3333333,731,Project A,Ayush,9.242373472,,,,,,
569,KIMBERLY MONTGOMERY,55,FEMALE,SALES,6345,03-06-2019,2.9,2,ACTIVE,LOS ANGELES,634.5,0.542742542,JUNIOR,MIDDLE-AGED,103,2019,528.75,569,Project C,unknown,6.803589028,,,,,,
927,LAURA STEWART,55,FEMALE,HR,6341,7-31-2023,2.9,13,RETIRED,NEW YORK,634.1,0.542241163,SENIOR,MIDDLE-AGED,100,2023,528.4166667,927,Project D,Prajwal,5.868603389,,,,,,
392,HEATHER JONES,32,FEMALE,HR,6309,3-25-2023,5,5,ACTIVE,LOS ANGELES,630.9,0.538230133,MID,MIDDLE-AGED,101,2023,525.75,392,Project A,Prajwal,5.334335086,,,,,,
611,KERRY SIMON,50,MALE,SALES,6272,1-19-2018,2.9,2,ACTIVE,NEW YORK,627.2,0.533592379,JUNIOR,MIDDLE-AGED,105,2018,522.6666667,611,Project C,unknown,5.574800691,,,,,,
203,ROBERT CAREY,59,FEMALE,IT,6267,01-12-2021,5,6,RETIRED,NEW YORK,626.7,0.532965656,MID,MIDDLE-AGED,98,2021,522.25,203,Project A,Ayush,7.780534406,,,,,,
333,HEATHER ANDERSON,38,FEMALE,SALES,6259,6-13-2016,4,5,ACTIVE,NEW YORK,625.9,0.531962898,MID,MIDDLE-AGED,106,2016,521.5833333,333,Project A,unknown,5.355975371,,,,,,
803,LAWRENCE SMITH,27,MALE,HR,6247,3-20-2024,2,9,ACTIVE,REMOTE,624.7,0.530458762,SENIOR,YOUNG,104,2024,520.5833333,803,Project C,Prajwal,4.29919025,,,,,,
880,SARAH THOMAS,54,MALE,IT,6185,10-29-2016,2.9,2,ACTIVE,NEW YORK,618.5,0.52268739,JUNIOR,MIDDLE-AGED,100,2016,515.4166667,880,Project D,Ayush,6.37028966,,,,,,
670,LINDSEY DAVIS,31,FEMALE,SALES,6174,07-05-2015,2.9,3,RETIRED,NEW YORK,617.4,0.521308599,MID,MIDDLE-AGED,107,2015,514.5,670,Project D,unknown,3.92519443,,,,,,
783,ALEX THOMPSON,54,FEMALE,HR,6145,02-03-2019,3,7,RETIRED,NEW YORK,614.5,0.517673602,MID,MIDDLE-AGED,106,2019,512.0833333,783,Project C,Prajwal,2.596210034,,,,,,
781,ANITA JONES,44,MALE,IT,6141,5-15-2017,3,2,ACTIVE,LOS ANGELES,614.1,0.517172224,JUNIOR,MIDDLE-AGED,102,2017,511.75,781,Project A,Ayush,5.613572968,,,,,,
26,TARA BLACKWELL,30,OTHER,HR,6120,2-20-2020,5,7,ACTIVE,NEW YORK,612,0.514539985,MID,MIDDLE-AGED,107,2020,510,26,Project C,Prajwal,2.178812923,,,,,,
541,JULIE TURNER,53,FEMALE,HR,6092,09-01-2021,2.9,16,ACTIVE,NEW YORK,609.2,0.511030333,SENIOR,MIDDLE-AGED,108,2021,507.6666667,541,Project C,Prajwal,1.711328158,,,,,,
957,DEBRA KNOX,54,OTHER,SALES,6091,1-22-2018,2,12,ACTIVE,REMOTE,609.1,0.510904989,SENIOR,MIDDLE-AGED,109,2018,507.5833333,957,Project B,unknown,2.528078923,,,,,,
768,PAIGE HAYES,27,FEMALE,SALES,6086,06-05-2016,2,2,ACTIVE,REMOTE,608.6,0.510278265,JUNIOR,YOUNG,110,2016,507.1666667,768,Project A,unknown,2.443915339,,,,,,
170,GEORGE BOWERS,24,OTHER,SALES,6041,12-07-2024,2,4,ACTIVE,REMOTE,604.1,0.504637754,MID,YOUNG,111,2024,503.4166667,170,Project D,unknown,1.686443076,,,,,,
487,KAYLA GARCIA,44,FEMALE,SALES,6034,5-27-2020,2.9,9,RETIRED,NEW YORK,603.4,0.503760341,SENIOR,MIDDLE-AGED,112,2020,502.8333333,487,Project A,unknown,1.568614058,,,,,,
168,AMY BELL,56,MALE,IT,6006,10-21-2023,2.9,4,ACTIVE,NEW YORK,600.6,0.500250689,MID,MIDDLE-AGED,104,2023,500.5,168,Project D,Ayush,3.291828569,,,,,,
462,ANNE HERNANDEZ,24,MALE,HR,5998,2-22-2017,2.9,2,RETIRED,NEW YORK,599.8,0.499247932,JUNIOR,YOUNG,109,2017,499.8333333,462,Project B,Prajwal,0.141915018,,,,,,
156,RAYMOND JOHNSON,56,FEMALE,IT,5982,12-03-2016,5,11,RETIRED,NEW YORK,598.2,0.497242417,SENIOR,MIDDLE-AGED,105,2016,498.5,156,Project B,Ayush,2.87907401,,,,,,
267,JARED VILLANUEVA,50,MALE,IT,5970,6-23-2016,2,4,ACTIVE,REMOTE,597,0.49573828,MID,MIDDLE-AGED,106,2016,497.5,267,Project D,Ayush,2.67269673,,,,,,
280,DALTON MOORE,39,FEMALE,IT,5956,4-16-2015,5,16,RETIRED,LOS ANGELES,595.6,0.493983454,SENIOR,MIDDLE-AGED,107,2015,496.3333333,280,Project B,Ayush,2.431923237,,,,,,
4,CHRISTINE WILLIAMS,58,FEMALE,IT,5895,09-08-2017,2,13,RETIRED,REMOTE,589.5,0.486337428,SENIOR,MIDDLE-AGED,109,2017,491.25,4,Project C,Ayush,1.382838731,,,,,,
370,DAWN SANCHEZ,49,OTHER,HR,5850,10-11-2020,2.9,17,RETIRED,NEW YORK,585,0.480696917,SENIOR,MIDDLE-AGED,111,2020,487.5,370,Project C,Prajwal,-2.329075883,,,,,,
48,JAKE JOHNSON,48,OTHER,IT,5848,02-03-2017,3,2,ACTIVE,LOS ANGELES,584.8,0.480446227,JUNIOR,MIDDLE-AGED,110,2017,487.3333333,48,Project C,Ayush,0.574527718,,,,,,
423,JAMES NEWTON,30,MALE,IT,5836,03-05-2023,2.9,11,ACTIVE,NEW YORK,583.6,0.478942091,SENIOR,MIDDLE-AGED,111,2023,486.3333333,423,Project A,Ayush,0.368150438,,,,,,
270,RAY SMITH,31,OTHER,SALES,5819,8-20-2023,2.9,8,RETIRED,LOS ANGELES,581.9,0.476811231,SENIOR,MIDDLE-AGED,116,2023,484.9166667,270,Project D,unknown,-2.050420086,,,,,,
677,CORY ROTH,40,OTHER,IT,5765,9-16-2016,2.9,18,RETIRED,NEW YORK,576.5,0.470042617,SENIOR,MIDDLE-AGED,113,2016,480.4166667,677,Project C,Ayush,-0.852915135,,,,,,
621,HENRY BENNETT,51,OTHER,SALES,5740,9-29-2023,2.9,17,ACTIVE,LOS ANGELES,574,0.466909,SENIOR,MIDDLE-AGED,119,2023,478.3333333,621,Project D,unknown,-3.380204725,,,,,,
930,NATHANIEL CASTILLO DDS,45,OTHER,HR,5730,01-10-2016,2.9,19,RETIRED,LOS ANGELES,573,0.465655553,SENIOR,MIDDLE-AGED,113,2016,477.5,930,Project C,Prajwal,-4.332582019,,,,,,
205,BRIAN HERRERA,29,OTHER,SALES,5703,12-16-2018,2,10,ACTIVE,REMOTE,570.3,0.462271246,SENIOR,YOUNG,120,2018,475.25,205,Project D,unknown,-4.003015252,,,,,,
799,LORI GRAY,49,FEMALE,IT,5690,02-09-2016,2.9,20,ACTIVE,NEW YORK,569,0.460641765,SENIOR,MIDDLE-AGED,115,2016,474.1666667,799,Project D,Ayush,-2.142773134,,,,,,
1,CORY ESCOBAR,48,FEMALE,HR,5641,05-03-2015,2,16,ACTIVE,REMOTE,564.1,0.454499875,SENIOR,MIDDLE-AGED,114,2015,470.0833333,1,Project A,Prajwal,-5.818515736,,,,,,
971,MICHAEL REED,50,MALE,IT,5639,09-07-2015,3,2,RETIRED,NEW YORK,563.9,0.454249185,JUNIOR,MIDDLE-AGED,116,2015,469.9166667,971,Project A,Ayush,-3.019876573,,,,,,
954,RUTH OSBORNE,53,MALE,HR,5616,7-31-2022,4,16,ACTIVE,LOS ANGELES,561.6,0.451366257,SENIOR,MIDDLE-AGED,115,2022,468,954,Project C,Prajwal,-6.235912847,,,,,,
14,BENJAMIN CALLAHAN,34,MALE,IT,5593,6-23-2019,2.9,2,RETIRED,LOS ANGELES,559.3,0.448483329,JUNIOR,MIDDLE-AGED,118,2019,466.0833333,14,Project A,Ayush,-3.810989479,,,,,,
637,TYLER MILLER,54,FEMALE,IT,5589,8-18-2021,2.9,10,RETIRED,LOS ANGELES,558.9,0.44798195,SENIOR,MIDDLE-AGED,119,2021,465.75,637,Project A,Ayush,-3.879781906,,,,,,
80,MARY SINGH,39,OTHER,IT,5562,07-06-2019,2.9,7,RETIRED,NEW YORK,556.2,0.444597644,MID,MIDDLE-AGED,120,2019,463.5,80,Project D,Ayush,-4.344130785,,,,,,
330,TAYLOR LOPEZ,32,MALE,IT,5502,4-13-2021,4,9,ACTIVE,NEW YORK,550.2,0.437076962,SENIOR,MIDDLE-AGED,121,2021,458.5,330,Project D,Ayush,-5.376017185,,,,,,
747,VERONICA BENNETT,51,OTHER,IT,5497,12-26-2021,5,13,RETIRED,LOS ANGELES,549.7,0.436450238,SENIOR,MIDDLE-AGED,122,2021,458.0833333,747,Project B,Ayush,-5.462007718,,,,,,
271,DEREK MORRIS,30,FEMALE,IT,5472,01-07-2024,2.9,6,RETIRED,NEW YORK,547.2,0.433316621,MID,MIDDLE-AGED,123,2024,456,271,Project C,Ayush,-5.891960384,,,,,,
715,MONIQUE DAVIS,22,FEMALE,IT,5449,03-10-2016,3,2,RETIRED,LOS ANGELES,544.9,0.430433693,JUNIOR,YOUNG,124,2016,454.0833333,715,Project C,Ayush,-6.287516838,,,,,,
587,LESLIE HARMON,47,MALE,IT,5440,9-19-2016,2.9,11,RETIRED,NEW YORK,544,0.42930559,SENIOR,MIDDLE-AGED,125,2016,453.3333333,587,Project D,Ayush,-6.442299797,,,,,,
436,JASON ROBERTSON,37,MALE,HR,5439,6-23-2016,2,14,ACTIVE,REMOTE,543.9,0.429180246,SENIOR,MIDDLE-AGED,121,2016,453.25,436,Project C,Prajwal,-9.191084398,,,,,,
999,ASHLEY TAYLOR,51,FEMALE,IT,5437,2-18-2022,4,9,RETIRED,LOS ANGELES,543.7,0.428929556,SENIOR,MIDDLE-AGED,126,2022,453.0833333,999,Project D,Ayush,-6.493894117,,,,,,
24,MARISSA STEWART,31,FEMALE,HR,5386,1-30-2021,2.9,3,ACTIVE,LOS ANGELES,538.6,0.422536977,MID,MIDDLE-AGED,122,2021,448.8333333,24,Project C,Prajwal,-10.07596627,,,,,,
426,RYAN MUNOZ,45,MALE,SALES,5367,04-02-2023,2.9,13,RETIRED,LOS ANGELES,536.7,0.420155427,SENIOR,MIDDLE-AGED,125,2023,447.25,426,Project D,unknown,-9.658808146,,,,,,
11,NICOLE BELL,42,FEMALE,SALES,5336,1-28-2015,3,7,ACTIVE,LOS ANGELES,533.6,0.416269742,MID,MIDDLE-AGED,126,2015,444.6666667,11,Project C,unknown,-10.18062237,,,,,,
442,MICHELE RUIZ,53,OTHER,IT,5333,01-05-2023,2.9,19,ACTIVE,NEW YORK,533.3,0.415893708,SENIOR,MIDDLE-AGED,128,2023,444.4166667,442,Project A,Ayush,-8.282497209,,,,,,
914,MEGAN WOODS,56,OTHER,IT,5322,10-10-2022,2.9,6,ACTIVE,LOS ANGELES,532.2,0.414514916,MID,MIDDLE-AGED,129,2022,443.5,914,Project A,Ayush,-8.471676383,,,,,,
728,TAMMY DIXON,60,MALE,HR,5312,9-29-2021,2.9,8,ACTIVE,LOS ANGELES,531.2,0.413261469,SENIOR,SENIOR,123,2021,442.6666667,728,Project A,Prajwal,-11.31146172,,,,,,
124,AMBER PITTMAN,24,FEMALE,SALES,5287,03-08-2018,2,2,ACTIVE,REMOTE,528.7,0.410127852,JUNIOR,YOUNG,127,2018,440.5833333,124,Project D,unknown,-11.0054255,,,,,,
873,KIMBERLY MILLER,52,MALE,SALES,5282,10-22-2022,4,5,RETIRED,LOS ANGELES,528.2,0.409501128,MID,MIDDLE-AGED,128,2022,440.1666667,873,Project C,unknown,-11.08958909,,,,,,
607,CHRISTOPHER KNAPP,54,MALE,HR,5240,7-13-2016,2.9,12,RETIRED,NEW YORK,524,0.404236651,SENIOR,MIDDLE-AGED,126,2016,436.6666667,607,Project D,Prajwal,-12.51356541,,,,,,
721,SHANNON JACKSON,49,FEMALE,IT,5126,7-24-2015,4,13,RETIRED,LOS ANGELES,512.6,0.389947355,SENIOR,MIDDLE-AGED,134,2015,427.1666667,721,Project B,Ayush,-11.84250529,,,,,,
922,RACHEL SPENCER,52,OTHER,IT,5090,12-26-2015,2.9,9,ACTIVE,LOS ANGELES,509,0.385434946,SENIOR,MIDDLE-AGED,138,2015,424.1666667,922,Project D,Ayush,-12.46163713,,,,,,
655,ELIZABETH JOHNSTON,59,OTHER,HR,5042,4-18-2018,2,13,RETIRED,REMOTE,504.2,0.379418401,SENIOR,MIDDLE-AGED,128,2018,420.1666667,655,Project B,Prajwal,-15.81935053,,,,,,
784,DANIELLE GOMEZ,46,MALE,IT,5031,6-16-2018,2.9,7,ACTIVE,NEW YORK,503.1,0.378039609,MID,MIDDLE-AGED,139,2018,419.25,784,Project B,Ayush,-13.47632542,,,,,,
182,BROOKE NORRIS,58,MALE,IT,5025,10-24-2020,2.9,13,RETIRED,LOS ANGELES,502.5,0.377287541,SENIOR,MIDDLE-AGED,140,2020,418.75,182,Project D,Ayush,-13.57951406,,,,,,
756,STANLEY BAKER,28,OTHER,SALES,5009,8-14-2017,2,2,ACTIVE,REMOTE,500.9,0.375282026,JUNIOR,YOUNG,132,2017,417.4166667,756,Project A,unknown,-15.68492081,,,,,,
57,JEREMY CONWAY,38,OTHER,IT,4954,08-11-2024,2.9,12,ACTIVE,LOS ANGELES,495.4,0.368388067,SENIOR,MIDDLE-AGED,142,2024,412.8333333,57,Project D,Ayush,-14.80057963,,,,,,
980,CRYSTAL ESPINOZA,55,FEMALE,IT,4952,09-04-2023,2,5,ACTIVE,REMOTE,495.2,0.368137378,MID,MIDDLE-AGED,143,2023,412.6666667,980,Project A,Ayush,-14.83497584,,,,,,
772,WILLIE MILLER,39,FEMALE,SALES,4949,8-27-2022,5,7,RETIRED,NEW YORK,494.9,0.367761344,MID,MIDDLE-AGED,134,2022,412.4166667,772,Project A,unknown,-16.69488383,,,,,,
702,LISA RAMIREZ,43,FEMALE,IT,4925,5-25-2016,2.9,3,ACTIVE,NEW YORK,492.5,0.364753071,MID,MIDDLE-AGED,145,2016,410.4166667,702,Project B,Ayush,-15.29932472,,,,,,
337,JOSE COSTA,58,OTHER,IT,4908,9-25-2015,2.9,18,RETIRED,NEW YORK,490.8,0.362622211,SENIOR,MIDDLE-AGED,146,2015,409,337,Project B,Ayush,-15.59169254,,,,,,
836,JONATHAN RIVERA,47,FEMALE,HR,4906,06-08-2019,2,8,RETIRED,REMOTE,490.6,0.362371522,SENIOR,MIDDLE-AGED,129,2019,408.8333333,836,Project C,Prajwal,-18.08999082,,,,,,
913,COURTNEY LOPEZ,59,FEMALE,SALES,4875,1-18-2015,2.9,6,ACTIVE,LOS ANGELES,487.5,0.358485836,MID,MIDDLE-AGED,137,2015,406.25,913,Project D,unknown,-17.94050488,,,,,,
862,DANIEL DUKE,45,MALE,HR,4808,12-13-2019,2,10,ACTIVE,REMOTE,480.8,0.350087741,SENIOR,MIDDLE-AGED,130,2019,400.6666667,862,Project A,Prajwal,-19.72618749,,,,,,
231,CONNIE LUCAS,41,OTHER,HR,4782,12-09-2015,4,7,RETIRED,LOS ANGELES,478.2,0.346828779,MID,MIDDLE-AGED,131,2015,398.5,231,Project C,Prajwal,-20.16028049,,,,,,
622,JOHN RODRIGUEZ,42,FEMALE,IT,4781,1-20-2023,2.9,4,RETIRED,LOS ANGELES,478.1,0.346703434,MID,MIDDLE-AGED,147,2023,398.4166667,622,Project A,Ayush,-17.77585208,,,,,,
468,KIMBERLY BROWN,47,OTHER,HR,4781,12-11-2021,2,18,RETIRED,REMOTE,478.1,0.346703434,SENIOR,MIDDLE-AGED,132,2021,398.4166667,468,Project C,Prajwal,-20.17697638,,,,,,
339,AMANDA CONNER,32,FEMALE,IT,4750,4-25-2017,2.9,8,ACTIVE,LOS ANGELES,475,0.342817749,SENIOR,MIDDLE-AGED,148,2017,395.8333333,339,Project D,Ayush,-18.30899339,,,,,,
695,JESSICA LOPEZ,50,FEMALE,HR,4721,11-08-2024,5,16,ACTIVE,LOS ANGELES,472.1,0.339182753,SENIOR,MIDDLE-AGED,133,2024,393.4166667,695,Project C,Prajwal,-21.17872944,,,,,,
798,MELANIE CASEY,44,OTHER,HR,4713,10-09-2017,5,2,ACTIVE,NEW YORK,471.3,0.338179995,JUNIOR,MIDDLE-AGED,134,2017,392.75,798,Project C,Prajwal,-21.31229652,,,,,,
603,MELISSA EVANS,37,FEMALE,HR,4680,11-22-2020,2,13,RETIRED,REMOTE,468,0.33404362,SENIOR,MIDDLE-AGED,136,2020,390,603,Project C,Prajwal,-21.86326071,,,,,,
59,ERIK MOSS,57,MALE,SALES,4651,02-07-2018,2.9,19,ACTIVE,LOS ANGELES,465.1,0.330408624,SENIOR,MIDDLE-AGED,141,2018,387.5833333,59,Project A,unknown,-21.71103348,,,,,,
827,MARIA FRANKLIN,60,MALE,IT,4635,10-16-2023,5,9,RETIRED,NEW YORK,463.5,0.328403109,SENIOR,SENIOR,150,2023,386.25,827,Project B,Ayush,-20.28677565,,,,,,
536,THOMAS STUART,30,MALE,HR,4615,01-07-2022,2.9,11,RETIRED,LOS ANGELES,461.5,0.325896215,SENIOR,MIDDLE-AGED,138,2022,384.5833333,536,Project A,Prajwal,-22.9484932,,,,,,
28,JORDAN WARREN,55,FEMALE,HR,4608,07-07-2018,2.9,18,RETIRED,LOS ANGELES,460.8,0.325018802,SENIOR,MIDDLE-AGED,139,2018,384,28,Project C,Prajwal,-23.06536439,,,,,,
211,JOSEPH LI,42,MALE,HR,4603,7-30-2016,2,12,RETIRED,REMOTE,460.3,0.324392078,SENIOR,MIDDLE-AGED,140,2016,383.5833333,211,Project C,Prajwal,-23.14884381,,,,,,
948,LAURA WHITE,60,OTHER,IT,4595,7-17-2016,2.9,6,RETIRED,NEW YORK,459.5,0.323389321,MID,SENIOR,151,2016,382.9166667,948,Project B,Ayush,-20.97469992,,,,,,
311,DR. SUSAN COOK,51,FEMALE,SALES,4572,7-28-2020,4,20,RETIRED,LOS ANGELES,457.2,0.320506393,SENIOR,MIDDLE-AGED,142,2020,381,311,Project B,unknown,-23.04081812,,,,,,
729,LINDA HAWKINS,60,OTHER,HR,4524,06-05-2015,3,3,RETIRED,NEW YORK,452.4,0.314489847,MID,SENIOR,141,2015,377,729,Project C,Prajwal,-24.46781868,,,,,,
277,DAVID COX,45,FEMALE,IT,4514,06-11-2022,4,2,ACTIVE,LOS ANGELES,451.4,0.3132364,JUNIOR,MIDDLE-AGED,153,2022,376.1666667,277,Project C,Ayush,-22.36774656,,,,,,
454,JAY CLARK,54,OTHER,IT,4395,9-21-2019,2,18,RETIRED,REMOTE,439.5,0.298320381,SENIOR,MIDDLE-AGED,156,2019,366.25,454,Project D,Ayush,-24.41432125,,,,,,
314,KENNETH BROWN,33,MALE,SALES,4391,05-03-2020,5,6,RETIRED,LOS ANGELES,439.1,0.297819002,MID,MIDDLE-AGED,148,2020,365.9166667,314,Project A,unknown,-26.08753989,,,,,,
425,TRICIA COLEMAN,49,MALE,SALES,4385,8-14-2019,2.9,2,RETIRED,LOS ANGELES,438.5,0.297066934,JUNIOR,MIDDLE-AGED,149,2019,365.4166667,425,Project B,unknown,-26.18853619,,,,,,
481,BRANDON FLORES,41,FEMALE,SALES,4368,11-10-2023,4,11,RETIRED,LOS ANGELES,436.8,0.294936074,SENIOR,MIDDLE-AGED,150,2023,364,481,Project C,unknown,-26.47469238,,,,,,
274,CARRIE SLOAN,30,OTHER,HR,4347,1-16-2018,4,6,RETIRED,NEW YORK,434.7,0.292303836,MID,MIDDLE-AGED,143,2018,362.25,274,Project A,Prajwal,-27.42299023,,,,,,
893,CHELSEA HILL,31,MALE,HR,4345,05-03-2024,5,12,ACTIVE,LOS ANGELES,434.5,0.292053146,SENIOR,MIDDLE-AGED,144,2024,362.0833333,893,Project B,Prajwal,-27.456382,,,,,,
261,STEPHEN MITCHELL,52,FEMALE,IT,4322,7-29-2022,3,4,ACTIVE,NEW YORK,432.2,0.289170218,MID,MIDDLE-AGED,158,2022,360.1666667,261,Project D,Ayush,-25.66978304,,,,,,
5,AMBER HARRIS,35,OTHER,IT,4317,2-15-2020,5,16,RETIRED,NEW YORK,431.7,0.288543495,SENIOR,MIDDLE-AGED,159,2020,359.75,5,Project A,Ayush,-25.75577357,,,,,,
898,LAURA MONTGOMERY,56,FEMALE,SALES,4269,6-15-2020,2.9,13,ACTIVE,LOS ANGELES,426.9,0.282526949,SENIOR,MIDDLE-AGED,152,2020,355.75,898,Project A,unknown,-28.14113135,,,,,,
691,DR. DANNY MCCANN,60,OTHER,IT,4255,09-12-2021,2.9,17,ACTIVE,NEW YORK,425.5,0.280772123,SENIOR,SENIOR,161,2021,354.5833333,691,Project B,Ayush,-26.82205618,,,,,,
441,CATHERINE JORDAN,43,FEMALE,SALES,4246,06-12-2019,2.9,11,ACTIVE,LOS ANGELES,424.6,0.279644021,SENIOR,MIDDLE-AGED,153,2019,353.8333333,441,Project C,unknown,-28.52828384,,,,,,
516,MEGAN SULLIVAN,42,FEMALE,IT,4243,5-24-2023,3,2,ACTIVE,LOS ANGELES,424.3,0.279267987,JUNIOR,MIDDLE-AGED,162,2023,353.5833333,516,Project A,Ayush,-27.02843346,,,,,,
355,KAREN RAMOS,45,FEMALE,HR,4213,11-12-2016,3,12,RETIRED,LOS ANGELES,421.3,0.275507646,SENIOR,MIDDLE-AGED,147,2016,351.0833333,355,Project A,Prajwal,-29.66023875,,,,,,
615,KIMBERLY DUNLAP,53,MALE,HR,4213,6-21-2018,2.9,2,ACTIVE,LOS ANGELES,421.3,0.275507646,JUNIOR,MIDDLE-AGED,147,2018,351.0833333,615,Project B,Prajwal,-29.66023875,,,,,,
673,STANLEY WHITE,35,FEMALE,IT,4196,11-05-2022,5,6,RETIRED,NEW YORK,419.6,0.273376786,MID,MIDDLE-AGED,163,2022,349.6666667,673,Project D,Ayush,-27.83674448,,,,,,
708,MEGAN LAMB,51,FEMALE,SALES,4164,09-11-2020,3,8,RETIRED,NEW YORK,416.4,0.269365756,SENIOR,MIDDLE-AGED,156,2020,347,708,Project D,unknown,-29.90856663,,,,,,
259,KARINA HARRIS,40,FEMALE,HR,4123,10-09-2022,4,6,RETIRED,NEW YORK,412.3,0.264226623,MID,MIDDLE-AGED,150,2022,343.5833333,259,Project A,Prajwal,-31.16286835,,,,,,
416,BRANDON SMITH,43,FEMALE,IT,4117,10-20-2015,2.9,5,ACTIVE,LOS ANGELES,411.7,0.263474555,MID,MIDDLE-AGED,164,2015,343.0833333,416,Project B,Ayush,-29.1953949,,,,,,
597,KATHY CLARK,55,FEMALE,IT,4040,5-23-2015,2,19,RETIRED,REMOTE,404,0.253823013,SENIOR,MIDDLE-AGED,165,2015,336.6666667,597,Project B,Ayush,-30.51964911,,,,,,
648,EMILY MARTIN,58,MALE,SALES,4038,09-06-2020,3,13,ACTIVE,LOS ANGELES,403.8,0.253572324,SENIOR,MIDDLE-AGED,158,2020,336.5,648,Project D,unknown,-32.02948897,,,,,,
117,SEAN OWENS,45,MALE,HR,4012,07-09-2016,2.9,10,RETIRED,LOS ANGELES,401.2,0.250313362,SENIOR,MIDDLE-AGED,152,2016,334.3333333,117,Project C,Prajwal,-33.01611153,,,,,,
183,LINDA WILSON,45,MALE,IT,3979,03-07-2024,3,12,ACTIVE,NEW YORK,397.9,0.246176987,SENIOR,MIDDLE-AGED,166,2024,331.5833333,183,Project C,Ayush,-31.56873362,,,,,,
63,JOSEPH ANDERSON,57,FEMALE,IT,3933,06-02-2023,2.9,6,ACTIVE,LOS ANGELES,393.3,0.240411131,MID,MIDDLE-AGED,168,2023,327.75,63,Project C,Ayush,-32.35984653,,,,,,
548,TARA WALLER,50,OTHER,IT,3902,10-21-2020,2.9,5,RETIRED,LOS ANGELES,390.2,0.236525445,MID,MIDDLE-AGED,170,2020,325.1666667,548,Project B,Ayush,-32.89298783,,,,,,
359,SCOTT HERNANDEZ,31,FEMALE,IT,3830,12-26-2019,2.9,5,RETIRED,LOS ANGELES,383,0.227500627,MID,MIDDLE-AGED,172,2019,319.1666667,359,Project A,Ayush,-34.13125151,,,,,,
452,CRYSTAL REYES,41,FEMALE,SALES,3824,10-20-2018,2.9,9,ACTIVE,NEW YORK,382.4,0.226748559,SENIOR,MIDDLE-AGED,163,2018,318.6666667,452,Project C,unknown,-35.6316904,,,,,,
74,AMANDA RODGERS,60,MALE,IT,3767,3-21-2018,3,3,RETIRED,LOS ANGELES,376.7,0.219603911,MID,SENIOR,173,2018,313.9166667,74,Project D,Ayush,-35.21473223,,,,,,
149,MATTHEW PERKINS,57,OTHER,IT,3757,07-12-2023,2.9,19,RETIRED,NEW YORK,375.7,0.218350464,SENIOR,MIDDLE-AGED,174,2023,313.0833333,149,Project D,Ayush,-35.3867133,,,,,,
412,TAMMY ALLISON,52,FEMALE,SALES,3739,6-29-2016,5,5,ACTIVE,LOS ANGELES,373.9,0.216094259,MID,MIDDLE-AGED,165,2016,311.5833333,412,Project A,unknown,-37.06247134,,,,,,
189,PATRICK WILLIAMS,50,OTHER,IT,3737,08-07-2021,2.9,4,ACTIVE,NEW YORK,373.7,0.21584357,MID,MIDDLE-AGED,175,2021,311.4166667,189,Project A,Ayush,-35.73067543,,,,,,
428,ASHLEY GONZALES,41,OTHER,SALES,3720,8-16-2015,2,15,RETIRED,REMOTE,372,0.21371271,SENIOR,MIDDLE-AGED,166,2015,310,428,Project C,unknown,-37.38229296,,,,,,
810,ERIC MONTGOMERY,60,FEMALE,HR,3710,07-12-2023,2.9,19,ACTIVE,LOS ANGELES,371,0.212459263,SENIOR,SENIOR,156,2023,309.1666667,810,Project B,Prajwal,-38.05826864,,,,,,
778,DANIELLE GARZA,58,OTHER,IT,3703,04-11-2016,2,6,RETIRED,REMOTE,370.3,0.21158185,MID,MIDDLE-AGED,177,2016,308.5833333,778,Project D,Ayush,-36.31541106,,,,,,
315,SAMANTHA CLARK DDS,45,OTHER,IT,3700,2-28-2016,3,2,RETIRED,NEW YORK,370,0.211205816,JUNIOR,MIDDLE-AGED,178,2016,308.3333333,315,Project B,Ayush,-36.36700538,,,,,,
312,JOHN JENSEN,58,OTHER,IT,3700,4-17-2023,2.9,16,ACTIVE,NEW YORK,370,0.211205816,SENIOR,MIDDLE-AGED,178,2023,308.3333333,312,Project D,Ayush,-36.36700538,,,,,,
418,ANGEL FULLER,39,MALE,HR,3677,08-04-2015,2.9,3,ACTIVE,NEW YORK,367.7,0.208322888,MID,MIDDLE-AGED,157,2015,306.4166667,418,Project C,Prajwal,-38.60923282,,,,,,
180,KATHRYN CHOI,34,OTHER,IT,3671,05-08-2021,2.9,16,ACTIVE,LOS ANGELES,367.1,0.20757082,SENIOR,MIDDLE-AGED,180,2021,305.9166667,180,Project B,Ayush,-36.86575047,,,,,,
219,MELISSA FLORES,38,OTHER,SALES,3663,6-14-2016,3,3,RETIRED,NEW YORK,366.3,0.206568062,MID,MIDDLE-AGED,169,2016,305.25,219,Project B,unknown,-38.34175782,,,,,,
225,LORI RODRIGUEZ,27,OTHER,IT,3660,12-15-2023,2.9,9,ACTIVE,LOS ANGELES,366,0.206192028,SENIOR,YOUNG,181,2023,305,225,Project D,Ayush,-37.05492964,,,,,,
336,DANNY ALLEN,35,MALE,HR,3656,10-10-2016,2,16,RETIRED,REMOTE,365.6,0.205690649,SENIOR,MIDDLE-AGED,159,2016,304.6666667,336,Project D,Prajwal,-38.9598464,,,,,,
58,JOHNATHAN OBRIEN,58,FEMALE,SALES,3635,04-09-2021,2.9,7,ACTIVE,NEW YORK,363.5,0.203058411,MID,MIDDLE-AGED,171,2021,302.9166667,58,Project B,unknown,-38.8130739,,,,,,
636,STACY BELL,37,FEMALE,SALES,3622,02-10-2017,2.9,15,ACTIVE,LOS ANGELES,362.2,0.20142893,SENIOR,MIDDLE-AGED,172,2017,301.8333333,636,Project A,unknown,-39.03189922,,,,,,
524,GWENDOLYN RAY,36,FEMALE,SALES,3619,06-08-2021,3,7,RETIRED,NEW YORK,361.9,0.201052895,MID,MIDDLE-AGED,173,2021,301.5833333,524,Project B,unknown,-39.08239737,,,,,,
551,PATRICIA TERRY,50,MALE,SALES,3609,1-30-2020,2.9,3,RETIRED,LOS ANGELES,360.9,0.199799448,MID,MIDDLE-AGED,174,2020,300.75,551,Project C,unknown,-39.25072454,,,,,,
143,KELLY PHILLIPS,42,FEMALE,SALES,3591,7-17-2020,5,20,RETIRED,LOS ANGELES,359.1,0.197543244,SENIOR,MIDDLE-AGED,175,2020,299.25,143,Project A,unknown,-39.55371344,,,,,,
714,MELISSA WALLACE,41,FEMALE,IT,3591,9-22-2015,2,18,RETIRED,REMOTE,359.1,0.197543244,SENIOR,MIDDLE-AGED,182,2015,299.25,714,Project D,Ayush,-38.241599,,,,,,
815,JENNIFER WARD,31,FEMALE,IT,3565,11-30-2021,5,4,ACTIVE,NEW YORK,356.5,0.194284282,MID,MIDDLE-AGED,183,2021,297.0833333,815,Project A,Ayush,-38.68874978,,,,,,
574,PATRICK RODRIGUEZ,38,MALE,IT,3532,11-18-2018,2.9,2,ACTIVE,NEW YORK,353.2,0.190147907,JUNIOR,MIDDLE-AGED,184,2018,294.3333333,574,Project D,Ayush,-39.25628729,,,,,,
415,MATTHEW HAMPTON,37,MALE,SALES,3524,7-22-2016,2.9,12,RETIRED,LOS ANGELES,352.4,0.189145149,SENIOR,MIDDLE-AGED,177,2016,293.6666667,415,Project A,unknown,-40.68150548,,,,,,
18,JACQUELINE RANDALL,31,FEMALE,HR,3519,5-18-2018,4,6,ACTIVE,NEW YORK,351.9,0.188518426,MID,MIDDLE-AGED,160,2018,293.25,18,Project D,Prajwal,-41.24718257,,,,,,
202,ELIZABETH JORDAN,23,OTHER,HR,3514,10-01-2018,2.9,2,RETIRED,LOS ANGELES,351.4,0.187891702,JUNIOR,YOUNG,162,2018,292.8333333,202,Project D,Prajwal,-41.33066199,,,,,,
366,JOHNNY COOK,52,OTHER,SALES,3504,02-12-2022,4,9,RETIRED,LOS ANGELES,350.4,0.186638255,SENIOR,MIDDLE-AGED,178,2022,292,366,Project A,unknown,-41.01815982,,,,,,
343,ZACHARY GUTIERREZ,45,OTHER,HR,3491,06-03-2019,2.9,15,RETIRED,NEW YORK,349.1,0.185008774,SENIOR,MIDDLE-AGED,164,2019,290.9166667,343,Project A,Prajwal,-41.71466733,,,,,,
165,SHERYL EVERETT DDS,57,MALE,SALES,3479,11-15-2017,2.9,13,RETIRED,NEW YORK,347.9,0.183504638,SENIOR,MIDDLE-AGED,179,2017,289.9166667,165,Project C,unknown,-41.43897774,,,,,,
263,JAMES HINES,58,MALE,IT,3439,12-13-2022,2.9,16,ACTIVE,LOS ANGELES,343.9,0.17849085,SENIOR,MIDDLE-AGED,185,2022,286.5833333,263,Project D,Ayush,-40.85571121,,,,,,
956,ERIN KELLEY,49,OTHER,SALES,3437,8-19-2019,2.9,18,RETIRED,LOS ANGELES,343.7,0.17824016,SENIOR,MIDDLE-AGED,180,2019,286.4166667,956,Project D,unknown,-42.14595185,,,,,,
582,SARA HARRIS,35,OTHER,IT,3433,03-07-2024,2.9,11,ACTIVE,NEW YORK,343.3,0.177738782,SENIOR,MIDDLE-AGED,186,2024,286.0833333,582,Project A,Ayush,-40.95889985,,,,,,
766,STEVE SMITH,42,FEMALE,SALES,3414,2-13-2023,2,20,RETIRED,REMOTE,341.4,0.175357232,SENIOR,MIDDLE-AGED,181,2023,284.5,766,Project C,unknown,-42.53310434,,,,,,
195,ERIC YORK,34,MALE,HR,3397,6-25-2022,4,2,ACTIVE,LOS ANGELES,339.7,0.173226373,JUNIOR,MIDDLE-AGED,169,2022,283.0833333,195,Project B,Prajwal,-43.28408047,,,,,,
758,MR. HARRY ALLEN,34,OTHER,SALES,3395,5-31-2015,3,4,ACTIVE,LOS ANGELES,339.5,0.172975683,MID,MIDDLE-AGED,182,2015,282.9166667,758,Project C,unknown,-42.85292597,,,,,,
196,BREANNA BALLARD,20,OTHER,SALES,3386,8-31-2020,2.9,2,RETIRED,NEW YORK,338.6,0.171847581,JUNIOR,YOUNG,183,2020,282.1666667,196,Project B,unknown,-43.00442042,,,,,,
224,CHERYL POTTER,59,MALE,IT,3379,7-30-2018,2.9,8,RETIRED,LOS ANGELES,337.9,0.170970168,SENIOR,MIDDLE-AGED,187,2018,281.5833333,224,Project D,Ayush,-41.88759761,,,,,,
934,JEANETTE MCBRIDE,37,MALE,IT,3364,12-10-2015,2,8,ACTIVE,REMOTE,336.4,0.169089997,SENIOR,MIDDLE-AGED,188,2015,280.3333333,934,Project D,Ayush,-42.14556921,,,,,,
353,PAUL WALTERS,39,FEMALE,SALES,3353,11-12-2017,2.9,15,ACTIVE,LOS ANGELES,335.3,0.167711206,SENIOR,MIDDLE-AGED,184,2017,279.4166667,353,Project D,unknown,-43.55990008,,,,,,
652,JULIAN MAXWELL,47,FEMALE,IT,3343,1-26-2022,2.9,2,RETIRED,LOS ANGELES,334.3,0.166457759,JUNIOR,MIDDLE-AGED,189,2022,278.5833333,652,Project A,Ayush,-42.50672945,,,,,,
915,BENJAMIN BROWN,31,FEMALE,HR,3340,12-19-2016,2.9,4,RETIRED,LOS ANGELES,334,0.166081725,MID,MIDDLE-AGED,171,2016,278.3333333,915,Project C,Prajwal,-44.23574589,,,,,,
902,ANDREA BOND,50,OTHER,HR,3312,06-08-2023,2.9,4,RETIRED,LOS ANGELES,331.2,0.162572073,MID,MIDDLE-AGED,172,2023,276,902,Project B,Prajwal,-44.70323065,,,,,,
537,JOSEPH ADAMS,31,FEMALE,SALES,3299,2-28-2018,2.9,10,RETIRED,NEW YORK,329.9,0.160942592,SENIOR,MIDDLE-AGED,185,2018,274.9166667,537,Project A,unknown,-44.46886679,,,,,,
975,BRETT MYERS,37,MALE,IT,3288,5-16-2018,2,15,RETIRED,REMOTE,328.8,0.1595638,SENIOR,MIDDLE-AGED,190,2018,274,975,Project B,Ayush,-43.45262532,,,,,,
162,MARIO NEWMAN,36,OTHER,IT,3284,4-20-2015,2.9,15,RETIRED,LOS ANGELES,328.4,0.159062422,SENIOR,MIDDLE-AGED,191,2015,273.6666667,162,Project A,Ayush,-43.52141775,,,,,,
808,JEREMY COOPER,58,FEMALE,HR,3241,9-16-2023,2,6,ACTIVE,REMOTE,324.1,0.1536726,MID,MIDDLE-AGED,173,2023,270.0833333,808,Project D,Prajwal,-45.88863845,,,,,,
294,GARY GRANT,41,OTHER,IT,3174,09-05-2017,2,16,RETIRED,REMOTE,317.4,0.145274505,SENIOR,MIDDLE-AGED,193,2017,264.5,294,Project D,Ayush,-45.41320948,,,,,,
288,MICHELE ROMAN,60,OTHER,HR,3162,6-14-2017,2.9,20,ACTIVE,NEW YORK,316.2,0.143770369,SENIOR,SENIOR,175,2017,263.5,288,Project B,Prajwal,-47.20761332,,,,,,
583,NICHOLAS ANDERSON,60,MALE,SALES,3154,2-13-2016,2.9,12,RETIRED,NEW YORK,315.4,0.142767611,SENIOR,SENIOR,186,2016,262.8333333,583,Project B,unknown,-46.90961075,,,,,,
789,LAUREN WILLIAMS,27,OTHER,SALES,3153,12-04-2020,2,5,ACTIVE,REMOTE,315.3,0.142642266,MID,YOUNG,187,2020,262.75,789,Project D,unknown,-46.92644347,,,,,,
506,DR. JUSTIN VEGA,50,FEMALE,HR,3135,3-20-2020,2.9,17,RETIRED,LOS ANGELES,313.5,0.140386062,SENIOR,MIDDLE-AGED,176,2020,261.25,506,Project B,Prajwal,-47.6584022,,,,,,
965,APRIL PARSONS,46,OTHER,IT,3132,07-04-2015,2,10,RETIRED,REMOTE,313.2,0.140010028,SENIOR,MIDDLE-AGED,194,2015,261,965,Project B,Ayush,-46.13552996,,,,,,
136,DONNA FOX,49,MALE,SALES,3128,9-29-2023,2,6,RETIRED,REMOTE,312.8,0.139508649,MID,MIDDLE-AGED,188,2023,260.6666667,136,Project D,unknown,-47.34726139,,,,,,
616,DAVID PENA,59,MALE,IT,3105,07-09-2017,3,9,ACTIVE,LOS ANGELES,310.5,0.136625721,SENIOR,MIDDLE-AGED,195,2017,258.75,616,Project C,Ayush,-46.59987884,,,,,,
534,TONI HALL,53,OTHER,HR,3093,10-23-2016,3,7,ACTIVE,NEW YORK,309.3,0.135121584,MID,MIDDLE-AGED,177,2016,257.75,534,Project A,Prajwal,-48.35962935,,,,,,
256,MEGHAN BURGESS,49,MALE,HR,3081,8-23-2017,2.9,5,RETIRED,NEW YORK,308.1,0.133617448,MID,MIDDLE-AGED,178,2017,256.75,256,Project B,Prajwal,-48.55997996,,,,,,
526,ASHLEY BARBER,55,MALE,IT,3072,8-26-2022,2.9,16,RETIRED,NEW YORK,307.2,0.132489346,SENIOR,MIDDLE-AGED,197,2022,256,526,Project D,Ayush,-47.16741636,,,,,,
513,RYAN HESS,41,MALE,HR,3067,12-06-2023,2,19,ACTIVE,REMOTE,306.7,0.131862622,SENIOR,MIDDLE-AGED,179,2023,255.5833333,513,Project B,Prajwal,-48.79372235,,,,,,
187,ANTHONY LUCAS,48,FEMALE,HR,3064,8-26-2023,4,11,ACTIVE,NEW YORK,306.4,0.131486588,SENIOR,MIDDLE-AGED,180,2023,255.3333333,187,Project B,Prajwal,-48.84381,,,,,,
3,CHAD NICHOLS,57,OTHER,SALES,3058,02-12-2019,2.9,2,RETIRED,NEW YORK,305.8,0.13073452,JUNIOR,MIDDLE-AGED,191,2019,254.8333333,3,Project D,unknown,-48.52555158,,,,,,
192,JOHN SULLIVAN,29,OTHER,IT,3049,8-29-2018,4,2,RETIRED,NEW YORK,304.9,0.129606418,JUNIOR,YOUNG,199,2018,254.0833333,192,Project D,Ayush,-47.56297281,,,,,,
286,MR. KEVIN BRADLEY,29,FEMALE,SALES,2993,2-14-2015,2.9,8,RETIRED,LOS ANGELES,299.3,0.122587115,SENIOR,YOUNG,192,2015,249.4166667,286,Project A,unknown,-49.61967818,,,,,,
453,LINDSEY HALL,23,OTHER,IT,2978,5-17-2022,2,5,ACTIVE,REMOTE,297.8,0.120706944,MID,YOUNG,202,2022,248.1666667,453,Project B,Ayush,-48.78403838,,,,,,
520,OMAR THOMAS,60,MALE,SALES,2949,11-12-2015,2,18,RETIRED,REMOTE,294.9,0.117071948,SENIOR,SENIOR,193,2015,245.75,520,Project A,unknown,-50.36031772,,,,,,
864,MISS JESSICA JONES,39,MALE,HR,2947,10-04-2021,2.9,10,RETIRED,LOS ANGELES,294.7,0.116821258,SENIOR,MIDDLE-AGED,181,2021,245.5833333,864,Project D,Prajwal,-50.79722848,,,,,,
946,JOEL TYLER,49,MALE,SALES,2940,05-05-2020,5,8,RETIRED,NEW YORK,294,0.115943846,SENIOR,MIDDLE-AGED,194,2020,245,946,Project D,unknown,-50.51181218,,,,,,
879,ASHLEY ALVARADO,54,OTHER,IT,2937,10-03-2018,2.9,13,RETIRED,LOS ANGELES,293.7,0.115567811,SENIOR,MIDDLE-AGED,203,2018,244.75,879,Project D,Ayush,-49.48916075,,,,,,
171,TYLER FIGUEROA,48,FEMALE,SALES,2913,12-04-2020,2,6,ACTIVE,REMOTE,291.3,0.112559539,MID,MIDDLE-AGED,195,2020,242.75,171,Project D,unknown,-50.96629553,,,,,,
794,CARRIE CLARK,30,FEMALE,HR,2912,12-21-2018,2.9,11,ACTIVE,NEW YORK,291.2,0.112434194,SENIOR,MIDDLE-AGED,182,2018,242.6666667,794,Project C,Prajwal,-51.38158444,,,,,,
102,JENNIFER HANSEN,27,OTHER,HR,2912,2-22-2020,2,3,RETIRED,REMOTE,291.2,0.112434194,MID,YOUNG,182,2020,242.6666667,102,Project B,Prajwal,-51.38158444,,,,,,
646,ALICE MARTIN,37,MALE,HR,2899,02-10-2021,2,4,RETIRED,REMOTE,289.9,0.110804713,MID,MIDDLE-AGED,184,2021,241.5833333,646,Project C,Prajwal,-51.59863094,,,,,,
119,TARA HUDSON,48,FEMALE,IT,2898,01-02-2022,2.9,12,RETIRED,LOS ANGELES,289.8,0.110679368,SENIOR,MIDDLE-AGED,204,2022,241.5,119,Project D,Ayush,-50.15988691,,,,,,
745,ERIK RODRIGUEZ,51,OTHER,HR,2892,10-06-2016,2.9,8,ACTIVE,LOS ANGELES,289.2,0.1099273,SENIOR,MIDDLE-AGED,185,2016,241,745,Project A,Prajwal,-51.71550213,,,,,,
62,CARMEN TAYLOR,33,MALE,SALES,2851,1-30-2023,2,11,ACTIVE,REMOTE,285.1,0.104788167,SENIOR,MIDDLE-AGED,196,2023,237.5833333,62,Project C,unknown,-52.00992398,,,,,,
651,JASON WARREN,57,FEMALE,HR,2850,10-24-2019,2.9,2,ACTIVE,LOS ANGELES,285,0.104662823,JUNIOR,MIDDLE-AGED,186,2019,237.5,651,Project C,Prajwal,-52.41672928,,,,,,
243,SCOTT RUSSELL,35,OTHER,IT,2847,2-19-2020,2.9,11,ACTIVE,LOS ANGELES,284.7,0.104286789,SENIOR,MIDDLE-AGED,205,2020,237.25,243,Project C,Ayush,-51.03699035,,,,,,
560,CARRIE THOMAS,39,FEMALE,SALES,2831,3-22-2022,4,8,ACTIVE,LOS ANGELES,283.1,0.102281274,SENIOR,MIDDLE-AGED,197,2022,235.9166667,560,Project D,unknown,-52.34657832,,,,,,
839,ANNE ESTES,59,FEMALE,SALES,2801,04-07-2015,2,9,RETIRED,REMOTE,280.1,0.098520933,SENIOR,MIDDLE-AGED,198,2015,233.4166667,839,Project D,unknown,-52.85155983,,,,,,
193,ALBERT STEVENS,29,OTHER,HR,2776,2-24-2021,2,2,ACTIVE,REMOTE,277.6,0.095387315,JUNIOR,YOUNG,187,2021,231.3333333,193,Project B,Prajwal,-53.65222473,,,,9-22-2016,,
49,JAMIE WOOD,46,MALE,SALES,2773,2-25-2023,4,9,ACTIVE,NEW YORK,277.3,0.095011281,SENIOR,MIDDLE-AGED,200,2023,231.0833333,49,Project C,unknown,-53.32287591,,,,2-18-2024,,
545,ELIZABETH WATSON,47,FEMALE,HR,2766,10-11-2018,2.9,20,RETIRED,LOS ANGELES,276.6,0.094133868,SENIOR,MIDDLE-AGED,188,2018,230.5,545,Project C,Prajwal,-53.81918357,,,,12-18-2018,,
531,GABRIEL WEBER,32,MALE,HR,2759,05-10-2016,5,7,RETIRED,LOS ANGELES,275.9,0.093256455,MID,MIDDLE-AGED,189,2016,229.9166667,531,Project A,Prajwal,-53.93605476,,,,11-28-2020,,
739,MR. JOHN HILL II,36,FEMALE,SALES,2709,09-07-2021,2.9,9,RETIRED,LOS ANGELES,270.9,0.08698922,SENIOR,MIDDLE-AGED,201,2021,225.75,739,Project D,unknown,-54.40016979,,,,7-15-2022,,
735,REBECCA PADILLA,44,FEMALE,SALES,2683,9-30-2018,3,3,ACTIVE,LOS ANGELES,268.3,0.083730258,MID,MIDDLE-AGED,202,2018,223.5833333,735,Project A,unknown,-54.83782043,,,,1-29-2016,,
476,ALICIA MALONE,56,FEMALE,SALES,2646,01-12-2018,2.9,12,RETIRED,LOS ANGELES,264.6,0.079092504,SENIOR,MIDDLE-AGED,203,2018,220.5,476,Project A,unknown,-55.46063096,,,,11-24-2018,,
152,JULIE WILSON,58,MALE,SALES,2621,8-26-2018,2.9,16,ACTIVE,NEW YORK,262.1,0.075958887,SENIOR,MIDDLE-AGED,204,2018,218.4166667,152,Project D,unknown,-55.88144888,,,,5-14-2020,,
348,CLAIRE RANDALL,59,OTHER,IT,2593,7-29-2016,2,14,RETIRED,REMOTE,259.3,0.072449235,SENIOR,MIDDLE-AGED,207,2016,216.0833333,348,Project D,Ayush,-55.40530944,,,,7-31-2019,,
64,KATHERINE CLARK,39,FEMALE,IT,2585,2-17-2023,2,2,ACTIVE,REMOTE,258.5,0.071446478,JUNIOR,MIDDLE-AGED,208,2023,215.4166667,64,Project B,Ayush,-55.5428943,,,,4-14-2016,,
247,SHEILA GORDON,50,OTHER,SALES,2550,12-17-2021,2.9,15,RETIRED,NEW YORK,255,0.067059413,SENIOR,MIDDLE-AGED,205,2021,212.5,247,Project C,unknown,-57.07657179,,,,11-18-2018,,
751,MATTHEW ANDERSON,45,MALE,IT,2532,5-25-2021,3,7,ACTIVE,NEW YORK,253.2,0.064803209,MID,MIDDLE-AGED,209,2021,211,751,Project C,Ayush,-56.45439395,,,,12-16-2015,,
169,TONYA ESTRADA,22,OTHER,SALES,2523,08-10-2022,2,4,RETIRED,REMOTE,252.3,0.063675107,MID,YOUNG,206,2022,210.25,169,Project A,unknown,-57.53105514,,,,5-30-2018,,
463,CHRISTOPHER STEVENS,57,OTHER,SALES,2495,1-30-2024,2.9,9,ACTIVE,NEW YORK,249.5,0.060165455,SENIOR,MIDDLE-AGED,207,2024,207.9166667,463,Project A,unknown,-58.00237122,,,,1-23-2021,,
376,JEFFREY NGUYEN,58,OTHER,HR,2489,3-20-2018,2,2,RETIRED,REMOTE,248.9,0.059413387,JUNIOR,MIDDLE-AGED,198,2018,207.4166667,376,Project B,Prajwal,-58.44394357,,,,5-23-2022,,
129,SHAWN MARSHALL,28,OTHER,IT,2488,1-21-2019,2.9,6,ACTIVE,LOS ANGELES,248.8,0.059288042,MID,YOUNG,210,2019,207.3333333,129,Project B,Ayush,-57.21111064,,,,8-18-2024,,
680,JEREMY GARCIA,58,FEMALE,HR,2477,10-08-2024,2.9,4,ACTIVE,NEW YORK,247.7,0.05790925,MID,MIDDLE-AGED,199,2024,206.4166667,680,Project D,Prajwal,-58.64429418,,,,9-17-2023,,
748,ZOE CAMACHO,58,MALE,SALES,2451,11-22-2020,4,2,ACTIVE,NEW YORK,245.1,0.054650288,JUNIOR,MIDDLE-AGED,210,2020,204.25,748,Project B,unknown,-58.74301076,,,,12-13-2017,,
906,BRADLEY PARKER,36,OTHER,SALES,2371,3-16-2023,2.9,5,ACTIVE,LOS ANGELES,237.1,0.044622712,MID,MIDDLE-AGED,212,2023,197.5833333,906,Project C,unknown,-60.08962812,,,,9-29-2024,,
126,MICHAEL WILSON,38,OTHER,IT,2358,12-25-2016,3,14,ACTIVE,NEW YORK,235.8,0.042993231,SENIOR,MIDDLE-AGED,215,2016,196.5,126,Project B,Ayush,-59.44686451,,,,10-16-2019,,
299,DAWN MCLAUGHLIN,45,MALE,SALES,2330,7-17-2015,2.9,17,RETIRED,NEW YORK,233,0.03948358,SENIOR,MIDDLE-AGED,216,2015,194.1666667,299,Project A,unknown,-60.77976951,,,,12-23-2022,,
943,LOGAN PETERSON,60,OTHER,IT,2300,2-17-2017,2.9,13,ACTIVE,NEW YORK,230,0.035723239,SENIOR,SENIOR,217,2017,191.6666667,943,Project A,Ayush,-60.44435469,,,,3-24-2021,,
527,BRITTANY HOLT,55,MALE,IT,2247,2-18-2018,4,19,RETIRED,NEW YORK,224.7,0.02907997,SENIOR,MIDDLE-AGED,218,2018,187.25,527,Project B,Ayush,-61.35585435,,,,9-26-2017,,
521,ANGELA JIMENEZ,44,OTHER,HR,2246,05-02-2016,2,6,RETIRED,REMOTE,224.6,0.028954625,MID,MIDDLE-AGED,201,2016,187.1666667,521,Project A,Prajwal,-62.50104349,,,,2-17-2024,,
209,DARRELL BURNS,58,OTHER,SALES,2223,6-29-2024,2.9,8,ACTIVE,NEW YORK,222.3,0.026071697,SENIOR,MIDDLE-AGED,218,2024,185.25,209,Project B,unknown,-62.58087023,,,,4-27-2017,,
750,WILLIAM GARZA,36,MALE,IT,2162,5-22-2019,2.9,7,ACTIVE,NEW YORK,216.2,0.018425671,MID,MIDDLE-AGED,220,2019,180.1666667,750,Project B,Ayush,-62.81769341,,,,7-29-2024,,
552,MELISSA ERICKSON,48,OTHER,IT,2152,07-04-2020,2.9,11,ACTIVE,LOS ANGELES,215.2,0.017172224,SENIOR,MIDDLE-AGED,221,2020,179.3333333,552,Project B,Ayush,-62.98967448,,,,3-15-2017,,
188,ROBERT COLON,39,OTHER,HR,2149,05-10-2023,4,17,ACTIVE,NEW YORK,214.9,0.01679619,SENIOR,MIDDLE-AGED,204,2023,179.0833333,188,Project D,Prajwal,-64.12054429,,,,3-18-2016,,
722,KELLY RIOS,60,OTHER,IT,2131,6-17-2015,4,19,ACTIVE,NEW YORK,213.1,0.014539985,SENIOR,SENIOR,222,2015,177.5833333,722,Project D,Ayush,-63.35083472,,,,10-21-2018,,
206,JULIE HAYDEN,55,FEMALE,IT,2127,02-09-2019,2.9,8,ACTIVE,LOS ANGELES,212.7,0.014038606,SENIOR,MIDDLE-AGED,223,2019,177.25,206,Project B,Ayush,-63.41962715,,,,1-27-2021,,
699,ASHLEY GARCIA,48,OTHER,SALES,2106,2-28-2020,2,3,ACTIVE,REMOTE,210.6,0.011406368,MID,MIDDLE-AGED,220,2020,175.5,699,Project A,unknown,-64.55029811,,,,5-31-2021,,
493,DR. THOMAS BROWN,42,OTHER,HR,2106,02-10-2017,2,9,ACTIVE,REMOTE,210.6,0.011406368,SENIOR,MIDDLE-AGED,205,2017,175.5,493,Project A,Prajwal,-64.83846732,,,,10-13-2021,,
711,ELLEN BARKER,57,FEMALE,IT,2096,10-02-2016,5,2,RETIRED,NEW YORK,209.6,0.010152921,JUNIOR,MIDDLE-AGED,224,2016,174.6666667,711,Project A,Ayush,-63.95276845,,,,8-27-2018,,
976,BRYCE ANDERSON,52,FEMALE,IT,2093,9-22-2020,2.9,14,ACTIVE,NEW YORK,209.3,0.009776886,SENIOR,MIDDLE-AGED,225,2020,174.4166667,976,Project C,Ayush,-64.00436277,,,,7-16-2020,,
842,TAMMY SMITH,30,FEMALE,SALES,2087,01-09-2015,5,6,RETIRED,LOS ANGELES,208.7,0.009024818,MID,MIDDLE-AGED,221,2015,173.9166667,842,Project C,unknown,-64.87011973,,,,10-14-2022,,
788,DAVID WILLIAMS,33,FEMALE,SALES,2078,9-22-2021,3,15,RETIRED,NEW YORK,207.8,0.007896716,SENIOR,MIDDLE-AGED,222,2021,173.1666667,788,Project A,unknown,-65.02161418,,,,5-15-2016,,
570,PAUL SMITH,35,OTHER,IT,2042,12-22-2016,2.9,4,ACTIVE,NEW YORK,204.2,0.003384307,MID,MIDDLE-AGED,226,2016,170.1666667,570,Project D,Ayush,-64.88146621,,,,3-24-2018,,
883,JACLYN COLLINS,47,MALE,IT,2029,12-05-2019,2.9,17,ACTIVE,LOS ANGELES,202.9,0.001754826,SENIOR,MIDDLE-AGED,227,2019,169.0833333,883,Project D,Ayush,-65.1050416,,,,2-28-2021,,
474,DAVID POTTER,56,MALE,IT,2016,7-13-2020,2.9,18,ACTIVE,NEW YORK,201.6,0.000125345,SENIOR,MIDDLE-AGED,228,2020,168,474,Project C,Ayush,-65.32861698,,,,8-23-2024,,
,,,,,,,,,,,,,,,,,,,,,,,,,1-16-2021,,
,,,,,,,,,,,,,,,,,,,,,,,,,1-21-2019,,
,,,,,,,,,,,,,,,,,,,,,,,,,10-30-2018,,
,,,,,,,,,,,,,,,,,,,,,,,,,1-21-2019,,
,,,,,,,,,,,,,,,,,,,,,,,,,12-28-2017,,
,,,,,,,,,,,,,,,,,,,,,,,,,12-23-2022,,
,,,,,,,,,,,,,,,,,,,,,,,,,9-17-2024,,
,,,,,,,,,,,,,,,,,,,,,,,,,2-21-2022,,
,,,,,,,,,,,,,,,,,,,,,,,,,6-23-2022,,
,,,,,,,,,,,,,,,,,,,,,,,,,10-26-2015,,
,,,,,,,,,,,,,,,,,,,,,,,,,11-14-2024,,
,,,,,,,,,,,,,,,,,,,,,,,,,10-13-2015,,
,,,,,,,,,,,,,,,,,,,,,,,,,8-30-2020,,
,,,,,,,,,,,,,,,,,,,,,,,,,8-20-2017,,
,,,,,,,,,,,,,,,,,,,,,,,,,11-27-2017,,
,,,,,,,,,,,,,,,,,,,,,,,,,11-20-2019,,
,,,,,,,,,,,,,,,,,,,,,,,,,11-13-2017,,
,,,,,,,,,,,,,,,,,,,,,,,,,1-30-2018,,
,,,,,,,,,,,,,,,,,,,,,,,,,3-30-2017,,
,,,,,,,,,,,,,,,,,,,,,,,,,6-29-2024,,
,,,,,,,,,,,,,,,,,,,,,,,,,8-27-2020,,
,,,,,,,,,,,,,,,,,,,,,,,,,10-20-2023,,
,,,,,,,,,,,,,,,,,,,,,,,,,4-20-2024,,
,,,,,,,,,,,,,,,,,,,,,,,,,4-21-2017,,
,,,,,,,,,,,,,,,,,,,,,,,,,2-15-2017,,
,,,,,,,,,,,,,,,,,,,,,,,,,8-24-2017,,
,,,,,,,,,,,,,,,,,,,,,,,,,1-22-2018,,
,,,,,,,,,,,,,,,,,,,,,,,,,12-29-2014,,
,,,,,,,,,,,,,,,,,,,,,,,,,9-19-2024,,
,,,,,,,,,,,,,,,,,,,,,,,,,4-30-2019,,
,,,,,,,,,,,,,,,,,,,,,,,,,1-25-2023,,
,,,,,,,,,,,,,,,,,,,,,,,,,3-13-2021,,
,,,,,,,,,,,,,,,,,,,,,,,,,11-22-2024,,
,,,,,,,,,,,,,,,,,,,,,,,,,2-16-2015,,
,,,,,,,,,,,,,,,,,,,,,,,,,6-23-2024,,
,,,,,,,,,,,,,,,,,,,,,,,,,9-21-2021,,
,,,,,,,,,,,,,,,,,,,,,,,,,3-22-2021,,
,,,,,,,,,,,,,,,,,,,,,,,,,10-30-2017,,
,,,,,,,,,,,,,,,,,,,,,,,,,5-30-2018,,
,,,,,,,,,,,,,,,,,,,,,,,,,8-30-2018,,
,,,,,,,,,,,,,,,,,,,,,,,,,5-27-2019,,
,,,,,,,,,,,,,,,,,,,,,,,,,4-24-2023,,
,,,,,,,,,,,,,,,,,,,,,,,,,3-14-2023,,
,,,,,,,,,,,,,,,,,,,,,,,,,4-24-2019,,
,,,,,,,,,,,,,,,,,,,,,,,,,7-28-2020,,
,,,,,,,,,,,,,,,,,,,,,,,,,10-25-2023,,
,,,,,,,,,,,,,,,,,,,,,,,,,7-31-2022,,
,,,,,,,,,,,,,,,,,,,,,,,,,9-21-2020,,
,,,,,,,,,,,,,,,,,,,,,,,,,12-18-2014,,
,,,,,,,,,,,,,,,,,,,,,,,,,2-17-2024,,
,,,,,,,,,,,,,,,,,,,,,,,,,1-26-2024,,
,,,,,,,,,,,,,,,,,,,,,,,,,11-17-2015,,
,,,,,,,,,,,,,,,,,,,,,,,,,11-23-2023,,
,,,,,,,,,,,,,,,,,,,,,,,,,3-14-2018,,
,,,,,,,,,,,,,,,,,,,,,,,,,8-13-2024,,
,,,,,,,,,,,,,,,,,,,,,,,,,11-20-2016,,
,,,,,,,,,,,,,,,,,,,,,,,,,10-31-2024,,
,,,,,,,,,,,,,,,,,,,,,,,,,8-28-2017,,
,,,,,,,,,,,,,,,,,,,,,,,,,6-28-2015,,
,,,,,,,,,,,,,,,,,,,,,,,,,9-15-2018,,
,,,,,,,,,,,,,,,,,,,,,,,,,7-22-2017,,
,,,,,,,,,,,,,,,,,,,,,,,,,7-31-2019,,
,,,,,,,,,,,,,,,,,,,,,,,,,9-16-2019,,
,,,,,,,,,,,,,,,,,,,,,,,,,6-19-2015,,
,,,,,,,,,,,,,,,,,,,,,,,,,5-29-2021,,
,,,,,,,,,,,,,,,,,,,,,,,,,10-15-2018,,
,,,,,,,,,,,,,,,,,,,,,,,,,5-21-2023,,
,,,,,,,,,,,,,,,,,,,,,,,,,10-21-2017,,
,,,,,,,,,,,,,,,,,,,,,,,,,10-22-2021,,
,,,,,,,,,,,,,,,,,,,,,,,,,10-16-2016,,
,,,,,,,,,,,,,,,,,,,,,,,,,2-19-2019,,
,,,,,,,,,,,,,,,,,,,,,,,,,2-18-2016,,
,,,,,,,,,,,,,,,,,,,,,,,,,3-26-2022,,
,,,,,,,,,,,,,,,,,,,,,,,,,5-28-2022,,
,,,,,,,,,,,,,,,,,,,,,,,,,10-20-2018,,
,,,,,,,,,,,,,,,,,,,,,,,,,11-17-2018,,
,,,,,,,,,,,,,,,,,,,,,,,,,9-23-2023,,
,,,,,,,,,,,,,,,,,,,,,,,,,7-31-2023,,
,,,,,,,,,,,,,,,,,,,,,,,,,3-25-2023,,
,,,,,,,,,,,,,,,,,,,,,,,,,1-19-2018,,
,,,,,,,,,,,,,,,,,,,,,,,,,6-13-2016,,
,,,,,,,,,,,,,,,,,,,,,,,,,3-20-2024,,
,,,,,,,,,,,,,,,,,,,,,,,,,10-29-2016,,
,,,,,,,,,,,,,,,,,,,,,,,,,5-15-2017,,
,,,,,,,,,,,,,,,,,,,,,,,,,2-20-2020,,
,,,,,,,,,,,,,,,,,,,,,,,,,1-22-2018,,
,,,,,,,,,,,,,,,,,,,,,,,,,5-27-2020,,
,,,,,,,,,,,,,,,,,,,,,,,,,10-21-2023,,
,,,,,,,,,,,,,,,,,,,,,,,,,2-22-2017,,
,,,,,,,,,,,,,,,,,,,,,,,,,6-23-2016,,
,,,,,,,,,,,,,,,,,,,,,,,,,4-16-2015,,
,,,,,,,,,,,,,,,,,,,,,,,,,8-20-2023,,
,,,,,,,,,,,,,,,,,,,,,,,,,9-16-2016,,
,,,,,,,,,,,,,,,,,,,,,,,,,9-29-2023,,
,,,,,,,,,,,,,,,,,,,,,,,,,12-16-2018,,
,,,,,,,,,,,,,,,,,,,,,,,,,7-31-2022,,
,,,,,,,,,,,,,,,,,,,,,,,,,6-23-2019,,
,,,,,,,,,,,,,,,,,,,,,,,,,8-18-2021,,
,,,,,,,,,,,,,,,,,,,,,,,,,4-13-2021,,
,,,,,,,,,,,,,,,,,,,,,,,,,12-26-2021,,
,,,,,,,,,,,,,,,,,,,,,,,,,9-19-2016,,
,,,,,,,,,,,,,,,,,,,,,,,,,6-23-2016,,
,,,,,,,,,,,,,,,,,,,,,,,,,2-18-2022,,
,,,,,,,,,,,,,,,,,,,,,,,,,1-30-2021,,
,,,,,,,,,,,,,,,,,,,,,,,,,1-28-2015,,
,,,,,,,,,,,,,,,,,,,,,,,,,9-29-2021,,
,,,,,,,,,,,,,,,,,,,,,,,,,10-22-2022,,
,,,,,,,,,,,,,,,,,,,,,,,,,7-13-2016,,
,,,,,,,,,,,,,,,,,,,,,,,,,7-24-2015,,
,,,,,,,,,,,,,,,,,,,,,,,,,12-26-2015,,
,,,,,,,,,,,,,,,,,,,,,,,,,4-18-2018,,
,,,,,,,,,,,,,,,,,,,,,,,,,6-16-2018,,
,,,,,,,,,,,,,,,,,,,,,,,,,10-24-2020,,
,,,,,,,,,,,,,,,,,,,,,,,,,8-14-2017,,
,,,,,,,,,,,,,,,,,,,,,,,,,8-27-2022,,
,,,,,,,,,,,,,,,,,,,,,,,,,5-25-2016,,
,,,,,,,,,,,,,,,,,,,,,,,,,9-25-2015,,
,,,,,,,,,,,,,,,,,,,,,,,,,1-18-2015,,
,,,,,,,,,,,,,,,,,,,,,,,,,12-13-2019,,
,,,,,,,,,,,,,,,,,,,,,,,,,1-20-2023,,
,,,,,,,,,,,,,,,,,,,,,,,,,4-25-2017,,
,,,,,,,,,,,,,,,,,,,,,,,,,11-22-2020,,
,,,,,,,,,,,,,,,,,,,,,,,,,10-16-2023,,
,,,,,,,,,,,,,,,,,,,,,,,,,7-30-2016,,
,,,,,,,,,,,,,,,,,,,,,,,,,7-17-2016,,
,,,,,,,,,,,,,,,,,,,,,,,,,7-28-2020,,
,,,,,,,,,,,,,,,,,,,,,,,,,9-21-2019,,
,,,,,,,,,,,,,,,,,,,,,,,,,8-14-2019,,
,,,,,,,,,,,,,,,,,,,,,,,,,1-16-2018,,
,,,,,,,,,,,,,,,,,,,,,,,,,7-29-2022,,
,,,,,,,,,,,,,,,,,,,,,,,,,2-15-2020,,
,,,,,,,,,,,,,,,,,,,,,,,,,6-15-2020,,
,,,,,,,,,,,,,,,,,,,,,,,,,5-24-2023,,
,,,,,,,,,,,,,,,,,,,,,,,,,6-21-2018,,
,,,,,,,,,,,,,,,,,,,,,,,,,10-20-2015,,
,,,,,,,,,,,,,,,,,,,,,,,,,5-23-2015,,
,,,,,,,,,,,,,,,,,,,,,,,,,10-21-2020,,
,,,,,,,,,,,,,,,,,,,,,,,,,12-26-2019,,
,,,,,,,,,,,,,,,,,,,,,,,,,10-20-2018,,
,,,,,,,,,,,,,,,,,,,,,,,,,3-21-2018,,
,,,,,,,,,,,,,,,,,,,,,,,,,6-29-2016,,
,,,,,,,,,,,,,,,,,,,,,,,,,8-16-2015,,
,,,,,,,,,,,,,,,,,,,,,,,,,2-28-2016,,
,,,,,,,,,,,,,,,,,,,,,,,,,4-17-2023,,
,,,,,,,,,,,,,,,,,,,,,,,,,6-14-2016,,
,,,,,,,,,,,,,,,,,,,,,,,,,12-15-2023,,
,,,,,,,,,,,,,,,,,,,,,,,,,1-30-2020,,
,,,,,,,,,,,,,,,,,,,,,,,,,7-17-2020,,
,,,,,,,,,,,,,,,,,,,,,,,,,9-22-2015,,
,,,,,,,,,,,,,,,,,,,,,,,,,11-30-2021,,
,,,,,,,,,,,,,,,,,,,,,,,,,11-18-2018,,
,,,,,,,,,,,,,,,,,,,,,,,,,7-22-2016,,
,,,,,,,,,,,,,,,,,,,,,,,,,5-18-2018,,
,,,,,,,,,,,,,,,,,,,,,,,,,11-15-2017,,
,,,,,,,,,,,,,,,,,,,,,,,,,12-13-2022,,
,,,,,,,,,,,,,,,,,,,,,,,,,8-19-2019,,
,,,,,,,,,,,,,,,,,,,,,,,,,2-13-2023,,
,,,,,,,,,,,,,,,,,,,,,,,,,6-25-2022,,
,,,,,,,,,,,,,,,,,,,,,,,,,5-31-2015,,
,,,,,,,,,,,,,,,,,,,,,,,,,8-31-2020,,
,,,,,,,,,,,,,,,,,,,,,,,,,7-30-2018,,
,,,,,,,,,,,,,,,,,,,,,,,,,1-26-2022,,
,,,,,,,,,,,,,,,,,,,,,,,,,12-19-2016,,
,,,,,,,,,,,,,,,,,,,,,,,,,2-28-2018,,
,,,,,,,,,,,,,,,,,,,,,,,,,5-16-2018,,
,,,,,,,,,,,,,,,,,,,,,,,,,4-20-2015,,
,,,,,,,,,,,,,,,,,,,,,,,,,9-16-2023,,
,,,,,,,,,,,,,,,,,,,,,,,,,6-14-2017,,
,,,,,,,,,,,,,,,,,,,,,,,,,2-13-2016,,
,,,,,,,,,,,,,,,,,,,,,,,,,3-20-2020,,
,,,,,,,,,,,,,,,,,,,,,,,,,9-29-2023,,
,,,,,,,,,,,,,,,,,,,,,,,,,10-23-2016,,
,,,,,,,,,,,,,,,,,,,,,,,,,8-23-2017,,
,,,,,,,,,,,,,,,,,,,,,,,,,8-26-2022,,
,,,,,,,,,,,,,,,,,,,,,,,,,8-26-2023,,
,,,,,,,,,,,,,,,,,,,,,,,,,8-29-2018,,
,,,,,,,,,,,,,,,,,,,,,,,,,2-14-2015,,
,,,,,,,,,,,,,,,,,,,,,,,,,5-17-2022,,
,,,,,,,,,,,,,,,,,,,,,,,,,12-21-2018,,
,,,,,,,,,,,,,,,,,,,,,,,,,2-22-2020,,
,,,,,,,,,,,,,,,,,,,,,,,,,1-30-2023,,
,,,,,,,,,,,,,,,,,,,,,,,,,10-24-2019,,
,,,,,,,,,,,,,,,,,,,,,,,,,2-19-2020,,
,,,,,,,,,,,,,,,,,,,,,,,,,3-22-2022,,
,,,,,,,,,,,,,,,,,,,,,,,,,2-24-2021,,
,,,,,,,,,,,,,,,,,,,,,,,,,2-25-2023,,
,,,,,,,,,,,,,,,,,,,,,,,,,9-30-2018,,
,,,,,,,,,,,,,,,,,,,,,,,,,8-26-2018,,
,,,,,,,,,,,,,,,,,,,,,,,,,7-29-2016,,
,,,,,,,,,,,,,,,,,,,,,,,,,2-17-2023,,
,,,,,,,,,,,,,,,,,,,,,,,,,12-17-2021,,
,,,,,,,,,,,,,,,,,,,,,,,,,5-25-2021,,
,,,,,,,,,,,,,,,,,,,,,,,,,1-30-2024,,
,,,,,,,,,,,,,,,,,,,,,,,,,3-20-2018,,
,,,,,,,,,,,,,,,,,,,,,,,,,1-21-2019,,
,,,,,,,,,,,,,,,,,,,,,,,,,11-22-2020,,
,,,,,,,,,,,,,,,,,,,,,,,,,3-16-2023,,
,,,,,,,,,,,,,,,,,,,,,,,,,12-25-2016,,
,,,,,,,,,,,,,,,,,,,,,,,,,7-17-2015,,
,,,,,,,,,,,,,,,,,,,,,,,,,2-17-2017,,
,,,,,,,,,,,,,,,,,,,,,,,,,2-18-2018,,
,,,,,,,,,,,,,,,,,,,,,,,,,6-29-2024,,
,,,,,,,,,,,,,,,,,,,,,,,,,5-22-2019,,
,,,,,,,,,,,,,,,,,,,,,,,,,6-17-2015,,
,,,,,,,,,,,,,,,,,,,,,,,,,2-28-2020,,
,,,,,,,,,,,,,,,,,,,,,,,,,9-22-2020,,
,,,,,,,,,,,,,,,,,,,,,,,,,9-22-2021,,
,,,,,,,,,,,,,,,,,,,,,,,,,12-22-2016,,
,,,,,,,,,,,,,,,,,,,,,,,,,7-13-2020,,
